Deadline,Scholarship Name,Award amount,Education Level,Link,Open date,Eligibility
January 1,JMJ Phillip Group College Scholarships,"$1,000","High school, Undergraduate",https://jmjphillip.com/jmj-phillip-stem-scholarship/,,"High school students who have been accepted to college and students who are currently enrolled in a college or university are eligible to apply for the JMJ Phillip Group college scholarship program. 
Students must be currently enrolled in a U.S.-based high school or college. Students graduating from high school must plan to attend college during the fall semester in the same year as the application.
Eligible colleges include two-year and four-year universities in the United States.
Students who apply must have a minimum GPA of 3.6. Current (unofficial) transcripts must be sent with the application."
January 1,Shape the Future Scholarship by Campervan Finder,"$2,500","High school, Undergraduate, Graduate",https://www.campervanfinder.com/scholarship/,,"You must be a student, studying full time.
You must have a passion for Travel and Business.
You must have a minimum 2.0/4.0 cumulative GPA"""
January 4,IAAP Education Foundation Scholarship,"$2,000","High school, Undergraduate, Graduate",https://www.iaap-aggregates.org/education-foundation-scholarship.html,September 1,"Applicants must be enrolled or enrolling at an institution of higher learning (hereafter referred to as college). Students in their final year of high school may apply.
Applicants must have an Illinois connection through personal background, college location, or future career plans.
Applicant must be majoring, or intends to major, in a curriculum which will be compatible with a career in the aggregates industry such as (but not limited to) Trade Programs, Civil Engineering, Engineering Science, Environmental Engineering, Environmental Science, Geology, Geological Engineering, Mineral Science or Mining Engineering."
January 5,NCAA Postgraduate Scholarship program,"$10,000",Undergraduate,https://www.ncaa.org/sports/2013/11/21/ncaa-postgraduate-scholarship-program.aspx,Sptember 16,"Must be in final season of NCAA athletics eligibility or must have completed athletic eligibility,
Must be in final year of undergraduate academic work or received an undergraduate degree.
Have an overall undergraduate minimum cumulative grade-point average of 3.200 (based on a 4.000 scale) or its equivalent, including all undergraduate hours earned at all undergraduate institutions attended
Must enroll in a graduate degree granting program on a part- or full-time basis at an academically accredited graduate or degree-granting professional school."
January 5,GE-Reagan Foundation Scholarship Program,"Up to $40,000",High school,https://www.reaganfoundation.org/education/scholarship-programs/ge-reagan-foundation-scholarship-program/,,"Demonstrate the attributes of leadership, integrity, drive, and citizenship within their communities, schools, and workplaces
Plan to enroll in a full‑time undergraduate course of study at an accredited 4‑year college or university in the U.S. for the entire 2026-2027 academic school year.
Be citizens of the United States of America
Display strong academic performance (minimum 3.0 grade point average/4.0 scale or equivalent)
Be current U.S. high school seniors (including territories & commonwealths) graduating in winter 2025 or spring 2026, including home-schooled students and those on U.S. Armed Forces bases abroad."
January 5,May Firm Injury Scholarship,"$1,000","Undergraduate, Graduate",https://mayfirm.com/scholarship/,,Open to students at any accredited community college or university across the country
January 6,Abacus Life Scholarship,"$1,000","Undergraduate, Graduate",https://abacuslifesettlements.com/abacus-scholarship/,,Applicant must be a full-time or part-time student of all majors at an accredited 4-year college or university in the United States
January 6,Taco Bell Live Más Scholarship,"$25,000","High school, Undergraduate",https://www.tacobellfoundation.org/live-mas-scholarship/,November 1,"Legal resident of the 50 United States and the District of Columbia (“D.C.”) located within the United States or D.C., or the dependent child of an active-duty member of the U.S. military,
Between 16 and 26 years of age;
On track to apply for (pending receipt of a high school diploma or G.E.D. equivalent) or currently enrolled in an accredited post-high school/post-secondary program (two‑year, four‑year, vocational‑technical, or trade); "
January 7,Conflict Conquerer Scholarship,"$1,000",High school,https://www.bihmfirm.com/scholarship,,"Be enrolled in an accredited college or university within the United States
Be an incoming freshman for the Fall 2026 semester
Have achieved a 3.5 grade point average or higher
Be a citizen or permanent resident of one of the 50 United States
Be at least 17 years of age"
January 7,Jackie Robinson Foundation,Varies,High school,https://jackierobinson.org/apply/,September,"Be a graduating high school senior;
Be a United States citizen;
Present evidence of financial need;
Demonstrate a record of academic excellence;
Demonstrate leadership potential and a dedication to community service;
Plan to attend an accredited and JRF approved 4-year college/university within the United States or affiliated with a United States based college or university;
Have not accrued more than 25% of credits needed to graduate from college."
January 7,Jack Kent Cooke Foundation Undergraduate Transfer Scholarship,"Up to $55,000",Undergraduate,https://www.jkcf.org/our-scholarships/,October 1,Bachelor’s degree at any accredited four-year undergraduate institution in the U.S. pursuing any area of study
January 8,Diller Teen Tikkun Olam Awards,"Up to $36,000",High school,https://dillerteenawards.org/apply/,August,"15-19 years old by application deadline
Identify as Jewish
A resident of the United States (continental U.S., Alaska, or Hawaii)
Applicants’ project leadership must be conducted from the U.S., though projects may have global reach
Currently serving in a leadership role on an initiative that is having measurable impact and embodies the values of tikkun olam (repairing the world)
Volunteering without any compensation"
January 9,Pride Foundation Scholarship,Varies,"High school, Undergraduate, Graduate",https://pridefoundation.org/find-funding/scholarships/,October 11,"Applicants must be a resident of Alaska, Idaho, Montana, Oregon, or Washington but may study elsewhere
Applicants must be pursuing post-secondary education in the coming 2026-2027 school year"
January 10,Love your Career Scholarship,"$1,000","High school, Undergraduate, Graduate",https://www.jonestshirts.com/pages/scholarship,,Any student who will be enrolled in a college or University. This scholarship is limited to students attending school in the 50 U.S. states.
January 10,Kelly Lynn Lutz Memorial Scholarship,"Up to $8,000","High school, Undergraduate, Graduate",https://www.kllscholarshipfund.org/scholarship,,"Lost the life of at least one parent (biological or not) to cancer before the age of 22.
Be a US citizen and live in Kansas or Missouri.
Attend a 2- or 4-year (minimum) higher education establishment.
Have an interest in education, arts, environment, math, or science.
Show service involvement in the community, church, school, or other non-curricular activity.
Indicate financial need."
January 12,John F. Kennedy Profile in Courage Essay Contest,"$1,000-$10,000",High school,https://www.jfklibrary.org/learn/education/profile-in-courage-essay-contest/getting-started,September 1,"Open to United States high school students in grades nine through twelve attending public, private, parochial, or home schools; U.S. students under the age of twenty enrolled in a high school correspondence/GED program in any of the fifty states, the District of Columbia, or the U.S. territories; and U.S. citizens attending schools overseas"
January 15,APIA Scholarship Program,"$2,500-$20,000",Undergraduate,https://apiascholars.org/scholarship/apia-scholarship/,November 15,"Be a citizen, national, or legal permanent resident of the United States. Citizens of the Republic of the Marshall Islands, the Federated States of Micronesia, and the Republic of Palau are also eligible to apply.
Be enrolling or continuing as a degree-seeking undergraduate student in a U.S. accredited college or university in fall 2026. Full-time and part-time degree-seeking students are eligible. "
January 15,FOSSI Scholarship,"$10,000",High school,https://futureofstemscholars.org/fossi/apply,September 26,"Be a citizen or legal permanent resident of the United States
Complete or have completed high school with a minimum GPA of 3.0 on a 4.0 scale (unweighted) and be entering their freshman year of college
Pursue studies in a pertinent chemical and engineering industry STEM field
Attend an HBCU for the entirety of their college education
Have interest in pursuing a career in chemical manufacturing, engineering, environmental health and sustainability or other related chemical-industry fields
Demonstrate financial need"
January 15,Amazon Future Engineer,"Up to $40,000",High school,https://www.amazonfutureengineer.com/scholarships,,"Be a high school senior in the U.S. who is currently enrolled in or who has completed a high school or college dual degree course where computer science is the subject. Students who have not taken this course can opt-in to take an assessment offered by Amazon.
Be planning to attain a bachelor’s degree in computer science, software engineering, computer engineering, electrical engineering, or other computer science related field of study from an accredited 4-year college or from a 2-year college with the intent to transfer to a 4-year college.
Must be authorized to work in the U.S. Example: Employment Authorization Document holder, Permanent Resident, or U.S. Citizen.
Have a minimum cumulative grade point average of 2.3 on a 4.0 scale (or its equivalent).
Must demonstrate financial need. This opportunity is to support students with a substantial need for financial assistance."
January 16,Ohio Soybean Council Foundation,"$3,000-$5,000","High school, Undergraduate, Graduate",https://www.soyohio.org/association/osa-scholarship/,October 27,"Applicants must be current full-time college, university, or technical school students, or high school seniors planning to enroll full-time. All majors are eligible, but candidates should show strong interest in the soybean industry and agricultural advocacy, along with leadership or involvement in ag-related organizations like FFA or 4-H. Applicants must be Ohio residents and either a Student or Young Adult Member (SYA) of the Ohio Soybean Association, a student of a FFA Chapter member, or the child/grandchild of a current member."
January 17,Safe Jobs for Youth Month Poster Contest,Up to $300,"K-8, High school",https://youngworkers.org/safe-jobs-for-youth-month/,,California teen between 14 and 18
January 19,Young Trailblazers Scholarship,"$5,000","High school, Undergraduate, Graduate",https://liveoutloud.org/programs/young-trailblazers-scholarship/,,"Part of the LGBTQAI+ Community
Reside within New York State
Are Continuing their Education Post High School Graduation, which includes College/University, Vocational/Trade Schools, and Certification-Based/Licensing Programs, e.g. Esthetician/Cosmetology School, Medical Assistant Program, X-Ray Technician Certification, Performing Arts Programs, etc."
January 20,Innovation in Education Scholarship,$500,"High school, Undergraduate, Graduate",https://www.latutors123.com/scholarships/innovation-in-education/,,"Must currently be enrolled as a high school, college/university, or graduate student.
Must have a cumulative GPA of at least 3.0 (or the equivalent)."
January 20,Joy Cappel Scholarship,"$2,500","High school, Undergraduate, Graduate",https://www.rockland.com/joy-cappel-scholarship/?srsltid=AfmBOoqBGrWtGb0S2aZ9VXuVxHh4o3BPuEwCVg8uSYSEhnlfTU6hrvzu,,"Must be a high school senior, undergraduate, or graduate student currently accepted or enrolled at a college or university in the United States for the upcoming fall or spring term
Intended major must be in Life Sciences or a related field"
January 20,C-SPAN’s StudentCam Documentary Competition,"$250-$5,000","K-8, High school",https://www.studentcam.org/,August,"Open to entrants currently enrolled in middle or high school in any state in the United States, the District of Columbia, and U.S. territories. International students in the equivalent of U.S. grades 6-12 and aged 18 years or younger may also participate. Students may be enrolled in public or private schools, or be home-schooled."
January 29,Waddler White Coat Scholarship,"$250, $750, $1,000",Graduate,https://www.blackgirlwhitecoat.org/scholarship,January 16,"Students enrolled in medical school in the United States or its territories (including American Samoa, the Commonwealth of the Northern Mariana Islands, Guam, Puerto Rico, and the U.S. Virgin Islands) 
International medical students (US citizens and non-US citizens with academic visas) who attend the following programs St. George's University (SGU), Ross University School of Medicine (RUSM), American University of the Caribbean (AUC), Saba University School of Medicine, and American University of Antigua (AUA)"
January 30,Technology Addiction Awareness Scholarship,"$1,000","High school, Undergraduate, Graduate",http://www.digitalresponsibility.org/technology-addiction-awareness-scholarship,,"You must be a high school freshman, sophomore, junior, or senior or a current or entering college or graduate school student of any level. Home schooled students are also eligible. There is no age limit. You must also be a U.S. citizen or legal resident. "
January 30,RACA Annual College Scholarship,"$1,000",High school,https://www.racafund.org/scholarship-competition,,"Must be a U.S. or naturalized citizen
Must be ages 16-18
Must be a high school senior
Must have cumulative GPA of 3.0 or above"
January 31,Mas Family Scholarships,Varies,"Undergraduate, Graduate",https://jmcff.org/apply,October 15,"Students can apply for a Mas Family Scholarship if they were born in Cuba or are of direct Cuban descent.
Have a minimum GPA of 3.5 on a 4.0 scale.
Must be enrolled full-time in an accredited college or university for the upcoming academic year while pursuing an undergraduate or graduate degree."
January 31,Advocates Law Continuing Education Scholarship,"$1,000","High school, Undergraduate",https://www.advocateslaw.com/scholarship/,,"All prospective or current students enrolled in an accredited university or college, located within the United States may submit an application."
January 31,Baer Reintegration Scholarship,Varies,"High school, Undergraduate, Graduate",https://www.reintegration.com/2023-application-process,,"Be diagnosed with bipolar disorder, schizophrenia or schizoaffective disorder
Be currently receiving medical treatment for the disease, including medications and psychiatric follow-up
Be actively involved in rehabilitative or reintegration efforts, such as clubhouse membership, part-or full-time employment, volunteer efforts or
school enrollment.
Be a U.S. citizen or legal resident and plan to attend a school in the United States
Be age 18 years or older"
January 31,Flavorful Futures Go Green Scholarship,"$5,000",High school,https://apply.mykaleidoscope.com/program/flavorsfuturegogreen2026,October 1,"Must be a U.S. citizen or permanent legal resident of the United States.
Must be a high school senior
Must have a cumulative high school grade point average (GPA) of at least 2.5 on a 4 point scale (high school/home schooled seniors).
Must intend to pursue a degree related to environmental studies
Proof of involvement in sustainable initiatives and projects (volunteering work, job, etc.)
Must enroll as a freshman or 1st year student in part-time or full-time study at a 2-year, 4-year, college, university, trade or vocational school"
January 31,Flavorful Futures Scholarship,"$5,000",High school,https://apply.mykaleidoscope.com/program/flavorfulfutures2026,October 1,"Must be a U.S. citizen or permanent legal resident of the United States.
Must be a high school senior graduating between August 1, 2025 and July 31, 2026.
Must have a cumulative high school grade point average (GPA) of at least 2.5 on a 4 point scale (high school/home schooled seniors).
Must enroll for Fall 2026 as a freshman or 1st year student in part-time or full-time study at a 2-year, 4-year, college, university, trade or vocational school. "
January 31,Return 2 College Scholarship,"$1,000","High school, Undergraduate, Graduate",https://www.return2college.com/awardprogram.cfm,,Applicants must be U.S. citizens or legal residents who are starting a program of higher education (college or graduate school) within the next 12 months or are currently full- or part-time students. Applicants must be age 17 years or older. There is no maximum age limit.
January 31,The Morgan Law Group Scholarship,"$1,500-$2,500",Graduate,https://policyadvocate.com/scholarship-application/,January 31,"Hold a minimum 3.0 GPA
Be accepted or attend a law school in the U.S.
Be a U.S. Citizen or legal resident who is authorized to work in the country"
January 31,Greene & Phillips Scholarship Program,"$2,000",High school,https://www.greenephillips.com/scholarship/,,"All current high school seniors in the United States can apply. 
4 scholarships will be awarded to students in Alabama, and the remaining winner can be anywhere within the United States. 
Scholarships can only be used at accredited colleges, universities, community colleges, and trade schools."
January 31,J&Y “Books for Good” Scholarship,$300,"High school, Undergraduate, Graduate",https://jnylaw.com/scholarship/,,"Students at accredited colleges, trade schools, universities, and graduate schools in the United States "
February 1,The Roothbert Fund,"$5,000-$7,000","Undergraduate, Graduate",https://www.roothbertfund.org/scholarships,November 1,"Applications from graduate students, as well as undergraduates with one year of college completed, are preferred.
Applications from candidates who reside in or attend schools in the following states are preferred: Connecticut, District of Columbia, Delaware, Maryland, Maine, Massachusetts, New Hampshire, New Jersey, New York, North Carolina, Ohio, Pennsylvania, Rhode Island, Vermont, Virginia, West Virginia."
February 1,National Garden Clubs Scholarship Program,"Up to $4,000","Undergraduate, Graduate",https://gardenclub.org/sites/default/files/2023-11/scholarship-application-guidelines.pdf,,"Must be a US Citizen or Permanent Legal Resident of the United States.
Must be attending school full-time as an undergraduate and graduate students
Must have a cumulative GPA of at least 3.25 (on a 4.0 scale).
Must be planning a career related to gardening, landscape design, environmental issues, floral design, or horticulture"
February 1,1 for 2 Education Foundation Scholarship,"Up to $25,000","High school, Undergraduate, Graduate",https://www.1for2edu.com/scholarship/#requirement,,"GPA must be at least 3.7 unweighted, 4.0 weighted
Applicant must be living in the United States but is not required to be a U.S. citizen or permanent resident
The applicant’s chosen college or university must be located in the United States"
February 1,NAJA Scholarship,Varies,Graduate,https://www.najanet.org/naja-scholarship,September 1,"Working or planning to work directly with children.
Pursuing graduate level studies for one (1) year in fields which address the special needs of children and youth; this includes, but is not limited to, Counseling, Psychology, Mental Health, Special Education, Speech Pathology, Exceptional Children, Remedial Skills Development, Hearing Impaired, and Gifted & Talented. Scholarships are not awarded for graduate work in administration or general education.
A U.S. citizen and a permanent resident of a state with a Junior Auxiliary Chapter: Alabama, Arkansas, Florida, Louisiana, Mississippi, Missouri, and Tennessee.
Planning to attend a U.S. college or university for full-time or part-time study."
February 1,Winston Classical Voice Scholarship,Varies,"High school, Undergraduate",https://www.arts-nsal.org/scholarships/winston-voice-scholarships/,,"Young classical singers between the ages of 16 and 22
Applicants must demonstrate exceptional talent and promise of future success
Provide proof of United States Citizenship or Naturalization"
February 1,Naomi Rabb Winston Visual Art Scholarship,Varies,"High school, Undergraduate",https://www.arts-nsal.org/scholarships/winston-art-scholarships/,,"Young classical singers between the ages of 16 and 22
Applicants must demonstrate exceptional talent and promise of future success
Provide proof of United States Citizenship or Naturalization"""
February 1,Bulkofficesupply.com Scholarship,"$1,000","High school, Undergraduate",https://www.bulkofficesupply.com/scholarships-in-new-york,September 15,"Open to high school students and current college students
Passion for teaching, art, science, technology, entrepreneurship, or any other field of study"
February 1,Gold Star Mission Educational Scholarship,"$1,000","High school, Undergraduate, Graduate",https://goldstarmission.org/Scholarship.php,November 1,"Applicants must be a high school senior at the time of application, have either a high school diploma or GED, or be currently enrolled in an accredited college or certificate granting institution (such as vocational school) with an Illinois connection"
February 2,Houston Livestock Show and Rodeo Scholarship,"Up to $20,000",High school,https://www.rodeohouston.com/scholarships-and-grants/how-to-apply/,December 1,"Be a U.S. citizen and Texas resident.
Graduating high school senior from eligible school
Complete the Free Application for Federal Student Aid available December
Plan to attend an accredited, not-for-profit university in the State of Texas
Have met minimum score requirement for either SAT or ACT"
February 5,Jimmy Rane Foundation Scholarship,"$500 to $5,000","High school, Undergraduate",https://www.jimmyranefoundation.org/scholarship-about,December 1,"A minimum grade point average (GPA) of 3.0 for graduating high school seniors
A minimum grade point average (GPA) of 2.75 for full-time college students as a college freshman or sophomore, no older than 20 years
All applicants must reside (permanent home address) in one of the following states or the District of Columbia: Alabama, Arkansas, Delaware, Florida, Georgia, Illinois, Indiana, Iowa, Kansas, Kentucky, Louisiana, Maryland, Mississippi, Missouri, Nebraska, New Jersey, New York, North Carolina, Ohio, Oklahoma, Pennsylvania, South Carolina, Tennessee, Texas, Virginia or West Virginia. "
February 6,Injury Scholarship,"$1,000","High school, Undergraduate",https://harrispersonalinjury.com/injury-scholarship/,,"Applicant must be currently enrolled in an accredited high school, college, or university in the US.
Applicant must be enrolled as either an undergraduate or in their final year of high school.
Applicant must be at least 17 years of age."
February 6,Ag Day Essay Contest,"$500-$1,500",High school,https://www.agday.org/essay-contest,,"The contest is open to students in grades 9 through 12 in the 2025-2026 school year
Contestants must be a U.S. citizen and attending school in the U.S. "
February 6,"AMS First-Year Undergraduate Scholarships
","Up to $5,000",Undergraduate,https://www.ametsoc.org/ams/information-for/students/ams-scholarships-and-fellowships/ams-first-year-undergraduate-scholarship/,,"Applicants must be U.S. citizens or hold permanent resident status.
Applicants must be entering their freshman year of college in the fall of 2026 as a full-time student and plan to pursue a degree in the atmospheric or related oceanic or hydrologic sciences. Marine biology does not meet this requirement.
Applicants must have a GPA of 3.0 on a 4.0 scale."
February 11,Scholarships for Military Children,"$2,000","High school, Undergraduate",https://www.fisherhouse.org/programs/scholarship-programs/scholarships-for-military-children/,,"Open to unmarried military dependent children under the age 23 who possess a valid Uniformed Services Identification (USID) card
Student's parent(s)/sponsor(s) must be one of the following: active duty, reserve/guard, deceased, or retired from the Army, Marine Corps, Navy, Air Force, Coast Guard, or Space Force.
Must be enrolled or planning to enroll in a full-time undergraduate program leading to a bachelor’s degree or a community/junior college designed to allow for a direct transfer into a four-year program.
High school applicants must have a minimum cumulative GPA of 3.0 (on a 4.0 basis).
College applicants must have a minimum cumulative GPA of 2.5. College freshmen must submit a first-semester college transcript."
Feburary 12,Past Chairs’ Legacy Scholarship,"$2,500","Undergraduate, Graduate",https://www.hydro.org/awards/past-chairs-legacy-scholarship/,January 2,"Current college sophomores or juniors who will be college juniors or seniors beginning fall 2027, or graduate students with a minimum cumulative 3.0 grade point average on a 4.0 scale (or equivalent) GPA who are enrolled in a full-time undergraduate or graduate course of study at an accredited four-year college or university
All applicants must be U.S. Citizens or legal residents.
Applicant must be pursuing a program of study that is related to the waterpower industry: Engineering, Sciences (biology, fisheries, and hydrology), Communications, or Environmental Studies."
Feburary 12,High School Poster Contest,"$250-$1,000",High school,https://www.christophers.org/highschoolpostercontest,,High school students (Only students living in United States are eligible to enter) in grades 9 through 12
February 13,WhataBurger: The Feeding Student Success Scholarship,"$5,000","High school, Undergraduate, Graduate",https://apply.mykaleidoscope.com/program/FeedingStudentSuccessScholarship2627,January 1,"Will have graduated high school by the end of the 2025-2026 school year
Have a minimum cumulative GPA of 2.5 on a 4.0 scale for high school graduates or college students
Are pursuing their first associates, undergraduate degree, graduate, or technical school certificate at a 2-year, 4-year, or not-for-profit vocational school.
US Citizen or Legal Resident
Must either live in or be planning to attend school in one of the brand's 17-state footprint. These states include: Alabama, Arizona, Arkansas, Colorado, Florida, Georgia, Kansas, Louisiana, Mississippi, Missouri, Nevada, New Mexico, North Carolina, Oklahoma, South Carolina, Tennessee, Texas"
February 13,Jeannette Rankin Foundation Scholarship,"Up to $2,500",Undergraduate,https://rankinfoundation.org/national-scholar-grant/,November 3,Provides unrestricted non-tuition funding and support to women and nonbinary students across the country who are age 35 and older and demonstrate financial need
Feburary 13,BSP Law Charitable Foundation Joel Stern Scholarship ,"$5,000",Graduate,https://bushseyferth.com/49qFovb,,Current law student enrolled and in good standing at a law school
February 13,POET Never Satisfied Scholarship Program ,"$2,500-$5,000","Undergraduate, Graduate",https://poet.com/neversatisfied#scholarships,January 1,"Students in the U.S. enrolled in any accredited two- or four-year post-secondary or technical school, including graduate students, regardless of GPA, are eligible to apply. 
Majors applicable for these scholarships are Agriculture, Finance, Accounting, Communications, Engineering, Computer Science, Human Resources, or related degrees or minors."
February 14,AMS Freshman Undergraduate Scholarships,"$5,000",Undergraduate,https://www.ametsoc.org/index.cfm/ams/information-for/students/ams-scholarships-and-fellowships/ams-freshman-undergraduate-scholarship/,,"Applicants must be U.S. citizens or hold permanent resident status.
Applicants must be entering their freshman year of college in the fall of 2026 as a full-time student and plan to pursue a degree in the atmospheric or related oceanic or hydrologic sciences. Marine biology does not meet this requirement.
Applicants must have a GPA of 3.0 on a 4.0 scale"
February 14,ACB Scholarships,"$2,000 to $7,500","Undergraduate, Graduate",https://www.acb.org/scholarships,November 1,"Open to freshman, undergraduate and graduate students, and those attending technical college who are need to be legally blind, maintain a 3.0 GPA to be eligible for most scholarships, be a full-time student or a part-time student who works at least 32 hours per week, and be involved in their school and local community."
February 15,Dell Scholars Scholarship,"$20,000",High school,https://www.dellscholars.org/scholarship/,December 15,"Be a high school senior participating in an approved college readiness program
Plan to enroll full-time at an accredited four-year college or university right after high school
Be Pell Grant eligible
Have at least a 2.4 GPA"
Feburary 15,Ashby Thelen Lowry Legal Scholarship,"$1,000","Undergraduate, Graduate",https://www.atllaw.com/scholarship/,,"Hold a minimum 3.0 GPA
The recipient is a U.S. citizen or otherwise authorized to work in the United States
The recipient is accepted and will either be attending school as a pre-law undergraduate or entering law school in the fall of 2027"
Feburary 15,HSF Scholar Program Application,"$500-$5,000","High school, Undergraduate, Graduate",https://www.hsf.net/scholarship,January 5,"US Citizen, Permanent Legal Resident, or DACA 
Minimum of 3.0 GPA on a 4.0 scale (or equivalent) for high school students; minimum of 2.5 GPA on a 4.0 scale (or equivalent) for college and graduate students
Plan to enroll full-time in an accredited, public or not-for-profit, four-year university, or graduate school in the US for the 2026-2027 academic year
Complete and submit the 2026-2027 Free Application for Federal Student Aid (FAFSA)
The HSF Scholar Program is open to students of all races who identify as being of Hispanic heritage"
February 17,McDonald’s HACER® National Scholarship,"$5,000, $10,000, $20,000",High school,https://www.mcdonalds.com/us/en-us/community/hacer.html,,"You’re a high school senior
You’re a legal U.S. resident or a DREAMer/DACA recipient
You’re younger than 21 years old
You carry a minimum 2.8 GPA
You have at least one parent of Hispanic heritage"
February 18,Law Office of Philip R. Nathe Scholarship,"$1,000",Undergraduate,https://www.napervilledui.com/scholarship,,"Achieved a 3.5-grade point average or higher in their most recently completed semester
Are pursuing an undergraduate degree at an accredited college or university within the United States
Are at least 17 years of age
Are citizens or permanent residents of the United States"
February 18,Lounge Lizard Web Design Scholarship,"$1,000","Undergraduate, Graduate",https://www.loungelizard.com/scholarship/,,"Open to students attending school in the United States to submit a web design, past or present, that showcases your creativity and understanding of today’s web design trends and possibilities
Applicant must be a student at an accredited school or be accepted to begin school at an accredited school within 6 months of application."
February 18,Davidson Fellows Scholarship,"$100,000, $50,000, $25,000","K-8, High school",https://www.davidsongifted.org/gifted-programs/fellows-scholarship/,,"Be 18 or younger as of the application deadline to be eligible.
Be a U.S. citizen residing in the United States, or a Permanent Resident of the United States residing in the United States, or be stationed overseas due to active U.S. military duty.
There is no minimum age for eligibility."
February 19,Gordon A. Rich Memorial Scholarship,"Up to $60,000",High school,http://www.gordonrich.org/html/apply.html,September 19,"Applicant must be a dependent child of a full-time employee in the financial services industry. 
Scholarship is open to high school seniors who are enrolling as a full-time first-year student in pursuit of a four-year bachelor’s degree at an accredited college or university in the United States. 
Applicant must have at least a 3.5 GPA, demonstrate financial need, and be a U.S. citizen or legal resident."
February 20,Vegetarian Resource Group,"Up to $20,000",High school,https://www.vrg.org/student/scholar.htm?kclt=573ee4a92e434d6686e14b326590acd4,Fall,Graduating U.S. high school students who have promoted veganism in their schools and/or communities.
February 20,Innovation in Education Scholarship,$500,"High school, Undergraduate, Graduate",https://www.latutors123.com/scholarships/innovation-in-education/,,"Must currently be enrolled as a high school, college/university, or graduate student.
Must have a cumulative GPA of at least 3.0 (or the equivalent)."
February 26,Personal Injury Law and Vulnerable Populations – Scholarship,"$1,000","High school, Undergraduate, Graduate",https://www.knightlawfirm.net/scholarship/,,"Applicants must have a Grade Point Average (GPA) of at least 3.0 on a 4.0 scale
Planning to enroll in an accredited undergraduate or graduate program or community college in the United States
High school students are also welcome to apply if they have been accepted to an accredited college or university."
February 28,"BMW/SAE Engineering Scholarship
","$1,500",High school,https://www.sae.org/participate/scholarships/bmw-sae-engineering-scholarship,February 1,"U.S. resident
Must be an Incoming Freshman
Minimum unweighted 3.75 grade point average
Pursue an engineering or related science degree through an ABET accredited program with an interest in mobility and advanced or emerging technologies such as (but not limited to) Automated and Unmanned, Connectivity, Cybersecurity, Shared or Micro Mobility and/or Electrification, Quantum Computing or Blockchain.
Participation in a STEM-related extra-curricular activity /club or employment/shadowing that relates to your intended engineering major"
February 28,Discover the Difference National Academic Scholarship,"$5,000",High school,https://www.trialpro.com/scholarships/,,"To be eligible, an individual must be a high school senior currently enrolled in a public school located in one of the following Florida counties: Orange, Seminole, Brevard, Osceola, Hillsborough, Pinellas, Lake, Polk, Lee, Charlotte, or Collier.
Applicant must have a minimum unweighted 3.0 GPA.
Student must be a US citizen or permanent resident. "
February 28,DEWALT Trades Scholarship,"$5,000","High school, Undergraduate",https://webportalapp.com/sp/login/dewalt-trades-us,November 4,"Currently enrolled in or accepted to a post-secondary school or training program and pursuing a high-demand skilled trade. 
Eligible Locations: United States and Canada"
February 28,Price Benowitz Social Justice Scholarship,"$2,000","High school, Undergraduate, Graduate",https://pricebenowitz.com/social-justice-scholarship-2026/,,"This scholarship is offered to any student currently enrolled in an accredited community college, undergraduate, or graduate program in the United States. This includes incoming first-year college students who are high school graduates or possess a GED.
Candidates for this scholarship should have a minimum GPA of 3.0 or higher and be in good overall academic standing."
February 28,NY Grace LeGendre Endowment Fund Fellowship,"$6,500",Graduate,https://www.gracelegendre.org/Fellowships,Fall,"Be a woman who is a United States citizen, a DACA recipient or a holder of a permanent Green Card and a resident of New York State.
Have a Bachelor's degree
Be currently enrolled in graduate studies in an advanced graduate degree program at an accredited New York State college or university and have already completed at least one semester in that program.
Show evidence of scholastic ability and a need for financial assistance.
Anticipated graduation year must be no later than 2027."
February 28,Action For Nature's International Youth Eco-Hero Award,"Up to $1,000","K-8, High school",https://actionfornature.org/eco-hero-awards/application-form,,"Ages 8 to 16, who have completed an environmental project to apply"
February 28,Delete Cyberbullying Social Media Scholarship,"$1,000","High school, Undergraduate, Graduate",http://www.endcyberbullying.net/scholarship/,,"You must be a high school student (9th-12th grader), college student or graduate student attending or planning to enter an accredited U.S. college or university."
February 28,Act of Kindness Scholarship,"$1,000","High school, Undergraduate, Graduate",https://www.parent-volunteer.org/act-of-kindness-scholarship,,"Be currently enrolled or plan to be enrolled part-time or full-time in an accredited U.S. college or university. Vocational/technical, two-year, four-year, or graduate institutions are eligible.
Be a high school junior or senior, undergraduate student, or graduate student
Have a grade point average of 2.5 or above on a 4.0 system"
February 28,Virginia Mae Scholarship,"$1,000","High school, Undergraduate",https://bellajcustomdesigns.com/,,"Must be a U.S. Citizen 
Currently enrolled, graduating high school senior who will be attending a two- or four-year college/university starting in the Fall semester of the upcoming school year"
February 28,J&Y “Books for Good” Scholarship,$300,"High school, Undergraduate, Graduate",https://jnylaw.com/scholarship/,,"Students at accredited colleges, trade schools, universities, and graduate schools in the United States "
March 1,Engebretson Foundation Scholarship ,"$10,000",High school,https://www.engebretsonfoundation.org/application.html,,"Be a graduating senior from a United States high school. 
Plan to attend a four year college. 
Be in need of financial assistance in order to attend a four year college. 
Have achieved a score of 28 composite or higher on the ACT exam (or at least 1240 on the SAT). 
Have achieved at least a 3.75 GPA or above and/or top 5% of graduating class."
March 1,"Horatio Alger: National Scholarship
","105 scholarships at $25,000 each",High school,https://horatioalger.org/scholarships-and-services/undergraduate-scholarships/,,"Be enrolled full time as a high school junior in the United States
Exhibit a strong commitment to pursue and complete a bachelor’s degree at an accredited non-profit public or private institution in the United States immediately after high school graduation (students may start their studies at a two-year institution and then transfer to a four-year institution)
Demonstrate financial need ($100,000 or lower adjusted gross family income is required)
Be involved in co-curricular and community service activities
Display integrity and perseverance in overcoming adversity
Maintain a minimum grade point average (GPA) of 2.0
Be a United States citizen"
March 1,Netfloor USA Access Flooring College Scholarship,"$1,000","High school, Undergraduate, Graduate",https://www.netfloorusa.com/scholarship/netfloor-usa-access-flooring-college-scholarship,,"Any legal U.S. resident at least seventeen (17) years old who meets one of the following criteria:
Currently attending attending high school and will be attending an accredited university or college in the next academic year
Currently attending an accredited university or college (undergraduate and graduate students are both eligible)
Must have a cumulative GPA of at least 3.0 (or equivalent)"
March 1,ACS Scholars Program,"$10,000","High school, Undergraduate",https://www.acs.org/education/acs-scholars/apply.html,December 1,"Graduating high school seniors and undergraduates (freshman through senior) who are U.S. citizens or permanent resident. Must be a full-time student at a U.S. high school, college, university, or community college.
Must intend to major or already be majoring in the chemical sciences of the following fields: Chemistry, Biochemistry, Chemical Engineering, Chemical Technology, Other chemistry-based sciences.
Scholarship is NOT intended for Pre-Med programs. Those pursuing degrees in Pharmacy or Nursing are also NOT eligible for this scholarship.
Academic Achievement: Demonstrate high academic achievement in chemistry or science, with a minimum Grade Point Average (GPA) of 3.0 or higher."
March 1,Project Yellow Light Scholarship - Billboard,"$2,000","High school, Undergraduate",https://projectyellowlight.com/,Late October,"Competition is open to high school juniors and seniors and current undergraduate students.
Applicant must design a billboard advertisement to warn their peers of the dangers of texting and driving."
March 1,Alvaro L. Martins Scholarship,"$10,000","Undergraduate, Graduate",https://elcscholarships.elcinfo.com/,January 22,"Awarded to high-potential female students pursuing degrees in business, marketing, management, or related disciplines who aspire to lead and influence at the highest levels.
Rising Sophomore, Junior, Senior college student or Graduate Student
Minimum of 3.0 GPA"
March 1,Ann Fudge Scholarship,"$10,000","Undergraduate, Graduate",https://elcscholarships.elcinfo.com/,January 22,"Supports high-achieving male students pursuing degrees in business, management, or related fields
Rising Sophomore, Junior, Senior college student or Graduate Student
Minimum of 3.0 GPA"
March 1,Ronald C. Parker Legacy Scholarship,"$10,000","Undergraduate, Graduate",https://elcscholarships.elcinfo.com/,January 22,"Be a U.S. citizen
Enrolled full-time at a four-year accredited higher education institution or HBCU in good standing
Student with a demonstrated commitment to the principles of inclusion throughout their education and within the community
Demonstrate financial need
Minimum grade point average of 2.8"
March 1,Life Lessons Scholarship Program,Varies,"High school, Undergraduate",https://lifehappens.org/life-lessons-scholarship-program/,February 1,"Open only to legal residents of the fifty (50) United States, the District of Columbia and Puerto Rico, who are between 17 and 24 years of age, have experienced the death of a parent or legal guardian, and are currently enrolled in, or have been accepted to, a college, university or trade school within the fifty (50) United States, the District of Columbia or Puerto Rico."
March 1,The Elrod Pope Law Firm’s Focus Forward Scholarship,"$5,000","High school, Undergraduate, Graduate",https://elrodpope.com/personal-injury-resources/scholarship/,,"Open to students who reside in South Carolina and North Carolina who are: High school seniors planning to enroll in an accredited two- or four-year college or university in the fall, or students currently enrolled in an accredited two- or four-year college or university for the fall semester."
March 1,TWF Scholar Athlete Scholarship,Varies,High school,https://thewallsfoundation.com/about-the-twf-scholarship,January 1,"Be a graduating honor student equivalent to the senior year of high school (Scholar Athlete Award)
Be competitive in one or more sports at their academic school or a private sports club (Scholar Athlete Award). 
Be involved in a volunteer organization or charity.
Have demonstrated a need for financial assistance.
Have a minimum GPA of 3.5.
Be a U.S. citizen or permanent legal resident (you will be asked to prove citizenship and age if you win)"
March 1,Larry D. Walls Legal Scholar Award,Varies,Undergraduate,https://thewallsfoundation.com/about-the-twf-scholarship,January 1,"Be a graduating female undergraduate student matriculating to an accredited law school in the fall of 2026
Be involved in a volunteer organization or charity
Have demonstrated a need for financial assistance
Have a minimum GPA of 3.5
Be a U.S. citizen or permanent legal resident (you will be asked to prove citizenship and age if you win)"
March 2,Science without Borders® Challenge,$200-$500,"K-8, High school",https://www.livingoceansfoundation.org/education/science-without-borders-challenge/,,Open to primary and secondary school students 11-19 years old
March 2,The Devadoss Law Firm Civil Rights Scholarship,"$1,000","Undergraduate, Graduate",https://www.fedemploymentlaw.com/the-devadoss-law-firm-civil-rights-scholarship/,,"Must be a current or aspiring law student
Must be a citizen or permanent resident of the United States
Must be enrolled at an accredited college or university within the United States as an undergraduate or graduate student
Must be at least 17 years of age"
March 2,USPAACC – Denny’s Hungry for Education Scholarship,"$3,000","High school, Undergraduate, Graduate",https://www.dennys.com/hfe-scholarships#College,December 1,"All applicants must be enrolled in an accredited educational institution (K-12 or college) in the United States or Puerto Rico.
Applicants must be U.S. citizens or legal permanent residents.
Student must possess a minimum 2.5 GPA (K-12 and college). "
March 4,DNA Day Essay Contest,"1,000",High school,https://www.ashg.org/dna-day/,January 9,"This contest is open to students in grades 9-12 worldwide and asks students to examine, question, and reflect on important concepts in genetics."
March 4,Students Rising Above Scholars Program,Varies,High school,https://studentsrisingabove.org/programs/,,"Must be a current high school junior
Will be a senior in the 2026-2027 school year
Low-income or living on government assistance
Committed to earning a 4-year college education
G.P.A. of 2.0 or higher
Must live within the nine-county Bay Area"
March 4,World of 8 Billion Student Video Contest,"$300-$1,200","K-8, High school",https://www.worldof8billion.org/video-contest/,,"Students must currently be in grades 6 to 12 (in the U.S.), or the international equivalent, to enter the contest."
March 5,Patient Advocate Foundation Undergraduate Scholarship,"$3,000 annually","High school, Undergraduate",https://www.patientadvocate.org/connect-with-services/apply-for-a-scholarship/,,"Must be a Citizen of the United States.
Applicant must be under the age of 25.
Must have been diagnosed with and/or been actively treated for a cancer or chronic disease within the past five years"
March 5,Patient Advocate Foundation Graduate Scholarship,"$3,000 annually",Graduate,https://www.patientadvocate.org/connect-with-services/apply-for-a-scholarship/,,"Must be a Citizen of the United States.
Must have been diagnosed with and/or been actively treated for a cancer or chronic disease within the past ten years.
Must be pursuing a Master’s degree or higher."
March 5,AFA Leader and Academic Scholarships,"$1,600 and $3,250","High school, Undergraduate",https://www.agfuture.org/scholarships,,Graduating high school seniors and current undergrads enrolled in an agriculture or food-related degree program in the U.S.
March 6,AAHD Frederick J. Krause Scholarship on Health and Disability,"$1,000",Undergraduate,https://aahd.us/initiatives/scholarship-program/,October 1,"Scholarship is open to college sophomores, juniors, and seniors who are enrolled full-time and have a disability as defined by the Americans with Disabilities Act. Preference will be given to students majoring in public health, disability studies, health promotion or a field related to disability and health."
March 6,DCU Memorial Scholarship Program,"$1,500-$2,500",High school,https://www.dcuforkids.org/scholarships/,December 12,Scholarship is open to graduating high school seniors who will be attending college in the Fall.
March 6,George E. Allen Academic Scholarship,"$2,000",High school,https://www.allenandallen.com/about/community-involvement/gea-scholarship/#,December 5,"The applicant must be a senior in a Virginia high school whose plans include advanced education through college, nursing, business, trade, technical training, or similar programs. 
Future plans are not required to be in Virginia."
March 7,Women’s Western Golf Foundation Scholarship,"$20,000",High school,https://www.wwga.org/scholarships,November 1,"Woman high school senior and meet the following requirements:
Active participant in the sport of golf (golf ability is not a criterion for selection)
Have a 3.5 GPA or above on a 4.0 scale
Demonstrate outstanding character, integrity and leadership
Require financial assistance to attend a four year college in the U.S.A."
March 8,USDA 1890 National Scholars Program,Full tuition,High school,https://www.usda.gov/partnerships/1890NationalScholars,December 15,"Open to high school seniors entering their freshman year of college, and rising college sophomores and juniors"
March 9,Create-a-Greeting-Card Scholarship,"$10,000","High school, Undergraduate, Graduate",https://www.gallerycollection.com/greetingcardscontests.htm?location=static-lower,July 9,"Must be 14 years or older at time of entry and be enrolled in High School, College, University or Homeschool."
March 9,NCAA Postgraduate Scholarship program,"$10,000",Undergraduate,https://www.ncaa.org/sports/2013/11/21/ncaa-postgraduate-scholarship-program.aspx,January 12,"Must be in final season of NCAA athletics eligibility or must have completed athletic eligibility,
Must be in final year of undergraduate academic work or received an undergraduate degree.
Have an overall undergraduate minimum cumulative grade-point average of 3.200 (based on a 4.000 scale) or its equivalent, including all undergraduate hours earned at all undergraduate institutions attended
Must enroll in a graduate degree granting program on a part- or full-time basis at an academically accredited graduate or degree-granting professional school."
March 9,Rising Stars Scholarship,"$1,000",Undergraduate,https://www.knoxvillecriminaldefenselaw.com/scholarship,,"Have been attending an undergraduate program for at least one year
Have improved their GPA by at least one point at any time while attending college
Are a citizen or lawful permanent resident of the United States
Are at least 17 years old"
March 12,Educational Equity Scholarship Program,"$5,000-$10,000","High school, Undergraduate, Graduate",https://www.dominionenergy.com/about/our-company/charitable-foundation/educational-equity-scholarships,,"Be a high school senior or graduate or current college undergraduate residing in one of the following states:
CT, VA, MD, NC, SC, and WV         
Plan to enroll in full-time undergraduate study at an accredited two- or four-year college, university or vocational-technical school for the entire upcoming academic year.
Have a minimum grade point average of 3.0 on a 4.0 scale (or its equivalent)."
March 13,The Quell Foundation Survivor Scholarship,"Up to $2,000","High school, Undergraduate, Graduate",https://thequellfoundation.org/scholarships/,March 6,"Open to high school seniors or current undergraduate/graduate students who have experienced the devastating loss of a parent, caregiver, or sibling to suicide"
March 13,The Quell Foundation First Responder Legacy Scholarship,Varies,"High school, Undergraduate, Graduate",https://thequellfoundation.org/scholarships/,March 6,"High school seniors or current undergraduate/graduate students who have experienced the devastating loss of a parent (who served as a first responder- ie law enforcement, fire, EMS, dispatch, corrections) to a line of duty death or suicide"
March 13,The Quell Foundation Fighter Scholarship,"Up to $1,500","High school, Undergraduate, Graduate",https://thequellfoundation.org/scholarships/,March 6,High school seniors or current undergraduate/graduate students that are being treated for a diagnosed mental health condition
March 13,Stossel in the Classroom Video Contest,"$200, $1,000, $2,500","K-8, High school, Undergraduate",https://stosselintheclassroom.org/video-contest/,September 10,"Open to students in grades 5-12 and undergraduate college students residing in the U.S., Canada, or at a U.S. military address"
March 14,The Quell Foundation Bridge the Gap Clinical Licensure Grant,Varies,Graduate,https://thequellfoundation.org/scholarships/,March 1,The Quell Foundation Bridge the Gap Clinical Licensure Grant is awarded to an individual who has earned a Master’s degree in a mental health–related field that is eligible for clinical licensure in the state in which the recipient plans to practice.
March 14,Undergraduate Nursing Scholarships,"$10,000",Undergraduate,https://www.marchofdimes.org/our-work/health-professionals/awards-and-scholarships/nursing-scholarships,,Must be enrolled in an accredited undergraduate nursing program and have a commitment to working in maternal or infant health after graduation
March 14,Graduate Nursing Scholarships,"$10,000",Graduate,https://www.marchofdimes.org/our-work/health-professionals/awards-and-scholarships/nursing-scholarships,,Available to registered nurses enrolled in an accredited master's or doctoral nursing program
March 15,The Barron Prize,"$10,000","K-8, High school",https://barronprize.org/apply/,January,"Applicant must be between the ages of 8 and 18 (not yet age 19)
Applicant must be a permanent, legal resident of the U.S. or Canada with a social security number or valid tax i.d. number.
Applicant must be currently residing in the 50 U.S. states, District of Columbia, or Canada."
March 15,"Morris J. & Betty Kaplun Essay Contest
","$500-$1,800","K-8, High school",https://www.kaplunfoundation.org/essay-contest,,"Open to students in grades 7, 8,9, 10, 11, and 12 attending any school, including home school, anywhere in the world."
March 15,Shell Technical Scholarship,"$2,500",High school,https://www.shell.us/about-us/careers/shell-graduate-program/scholarships.html#tab-high-school-senior-students,,"Plan to enroll full-time in one of the following majors (geology, geophysics, physics, chemical, civil, electrical, geological, geophysical, mechanical or petroleum engineering) at a specified institution"
March 15,Shell Technical Scholarship for Undergraduate Students,"$5,000",Undergraduate,https://www.shell.us/about-us/careers/shell-graduate-program/scholarships.html#tab-shell-technical-scholarship,August,"Candidates must be enrolled as a freshman, sophomore, or junior for the current academic year.
Candidates must be enrolled full-time students in the year of the scholarship award.
Candidates must have a minimum 3.20 cumulative GPA (will not be rounded) on a 4.0 scale.
Candidates must major in one of the following disciplines: geology, geophysics or physics; chemical, civil, electrical, environmental, mechanical, petroleum, geological, or geophysical engineering."
March 15,National Restaurant Association Educational Foundation (NRAEF) Scholarship,"$2,500-$10,000","Undergraduate, Graduate",https://chooserestaurants.org/programs/scholarships-grants/scholarships/,January 15,"Anyone enrolled as a full-time or part-time student at an accredited post-secondary institution pursuing a restaurant, food service, or hospitality-related degree.
Graduate student pursuing a degree in supply chain and viticulture only."
March 15,Go Skills Scholarship,"$2,000","K-8, High school, Undergraduate, Graduate",https://www.goskills.com/scholarship,,Young women with a business idea or a newly launched business
March 15,Navy League Foundation Scholarships,"$1,000-$10,000",High school,https://www.navyleague.org/programs/navy-league-foundation-scholarships/,,"The Navy League Foundation offers scholarships to high school seniors who will attend an accredited institution of higher education in the fall of the current award cycle. 
Eligible applicants must be a dependent, child, stepchild, grandchild, step-grandchild, or great-grandchild (direct descendant) of a current or former member of the U.S. Navy, Marine Corps, Coast Guard, or U.S.-flag Merchant Marine."
March 15,ISC2 Academic Scholarships,"$3,000-$5,000","High school, Undergraduate, Graduate",https://www.iamcybersafe.org/s/academic-scholarships,January 15,"Must be pursuing, or plan to pursue, a degree with a focus on cybersecurity, information assurance or similar field. 
Must be pursuing one of the following degree types: two (2) year associate's degree, four (4) year bachelor's degree, Master’s degree, and Doctoral program (PhD) 
GPA must be at least 2.5 on a 4.0 scale 
You may be a citizen of any country (US citizenship not required) 
May be attending in the US or internationally "
March 15,Pediatric Dentist of Tomorrow Scholarships,$500,"Undergraduate, Graduate",https://smilereef.com/pediatric-dentist-of-tomorrow-scholarship/,March 15 (a year prior),"Any student currently attending a college, university, dentist school, or specialization school, or will be attending within 1 year, and hopes to enter the dental field in the future."
March 15,Scholarship for Minority Accounting Students,"$3,000-$10,000","Undergraduate, Graduate",https://www.thiswaytocpa.com/education/scholarship-search/scholarship-minority-accounting-students/,December 1,"Scholarship is open to full-time minority students pursuing an undergraduate or graduate degree in accounting or an accounting-related major. 
Applicant must have at least a 3.0 GPA and be a U.S. citizen or permanent resident."
March 15,UCT Heaston Scholarship Program,"$3,000-$6,000",High school,https://www.uct.org/the-uct-heaston-scholarship/,,"Scholarships are open to high school seniors who demonstrate evidence of hard work to overcome obstacles, academic success, extracurricular success in high school, and commitment to community service."
March 15,The Jack & Betty Heaston Memorial Scholarship,"$6,000",High school,https://uctna.clubexpress.com/content.aspx?page_id=22&club_id=417467&module_id=667261,,Open to students with the equivalent of high school senior status. Students must be enrolled and entering a college program in the coming academic year.
March 15,The Betty Y. Heaston Memorial Scholarship,"$3,000",High school,https://uctna.clubexpress.com/content.aspx?page_id=22&club_id=417467&module_id=667261,,Open to students with the equivalent of high school senior status. Students must be enrolled and entering a college program in the coming academic year.
March 15,The Jack Heaston Memorial Scholarship,"$3,000",High school,https://uctna.clubexpress.com/content.aspx?page_id=22&club_id=417467&module_id=667261,,Open to students with the equivalent of high school senior status. Students must be enrolled and entering a college program in the coming academic year.
March 15,Kailee Mills Foundation Scholarship Program,"$5,000-$20,000","High school, Undergraduate",https://www.kaileemillsfoundation.org/scholarships/,,"Be a high school senior or current post-secondary undergraduate with a current GPA of 3.2 or higher on a 4.0 scale
Receive or have received a high school diploma at/by the end of the graduating school year. (If you are a current college student, you must have taken classes consecutively).
Be enrolled or plan to enroll in an accredited 2-year or 4-year college or university in a full-time (at least 12 hours) degree-seeking program for the first time
Be a US citizen or legal resident. "
March 15,Becca's Closet Spirit of Community Scholarship,Varies,High school,https://www.beccascloset.org/scholarships/,,"Graduating high school senior in the United States
Minimum 2.0 unweighted GPA (4.0 scale)
Demonstrated financial need (must submit full 2026–2027 FAFSA Submission Summary showing SAI)
Will attend a regionally accredited 2- or 4-year college, university, or technical/vocational school in Summer/Fall 2026
U.S. citizen or legal resident"
March 15,Becca's Closet Involvement Scholarship,Varies,High school,https://www.beccascloset.org/scholarships/,,"Graduating high school senior in the United States
Minimum 2.0 unweighted GPA (4.0 scale)
Outstanding, documented contribution to the local community through the creation of or involvement in a Becca’s Closet chapter (or a supporting organization program), with plans in place for the chapter to continue after graduation
Will attend a regionally accredited 2- or 4-year college, university, or technical school in Summer/Fall 2026
U.S. citizen or legal resident"
March 15,Becca's Closet South Florida Involvement Scholarship,Varies,High school,https://www.beccascloset.org/scholarships/,,"Graduating high school senior in Broward, Miami-Dade, or Palm Beach County, Florida
Minimum 2.0 unweighted GPA (4.0 scale)
Outstanding, documented contribution to the local community through the creation of or involvement in a Becca’s Closet chapter (or a supporting organization)
Will attend a regionally accredited 2- or 4-year college, university, or technical/vocational school in Summer/Fall 2026
U.S. citizen or legal resident"
March 15,Jewish Vocational Service Scholarship Program,"Up to $10,000",High school,https://www.jvs-socal.org/scholarship-application/,,"Must identify as Jewish
Must be at least 16
Must be a permanent and legal resident of Los Angeles County for a minimum of three years
Must be a U.S. citizen or documented legal permanent U.S. resident with a Green Card
Must be planning to attend or are currently attending an accredited public or private college, university, or vocational school in the U.S.
Must be enrolled as a full-time student
Must maintain a minimum 2.7 GPA (per term) for Undergraduate Students or a minimum 3.0 GPA (per term) for Graduate Students
Must have a demonstrated and verifiable financial need"
March 16,Microsoft Disability Scholarship Program,"$5,000 per year (Total: $20,000)",High school,https://www.microsoft.com/en-us/diversity/programs/microsoftdisabilityscholarship.aspx%C2%A0,January 22,"Be a current high school senior.
Plan to enroll in an undergraduate program at an accredited two- or four-year college, university, or vocational/technical school in the United States beginning in the fall of the upcoming academic year.
Pursue a degree in one of the following eligible fields: Engineering​, Computer Science​, Computer Information Systems​, Law, Business (including related fields such as paralegal studies, pre-law, finance, business administration, or marketing)
Have a cumulative high school GPA of 2.5 or higher on a 4.0 scale (or equivalent).
Plan to enroll as a full-time or half-time student."
March 16,Student T-Shirt Design Contest,Varies,"High school, Undergraduate, Graduate",https://pgsf.org/t-shirt-design-contest/,October 1,"Open to all students enrolled in primary, secondary schools, and post-secondary colleges and universities, trade, or apprenticeship programs."
March 17,Voyager Scholarship,"Up to $50,000 in financial aid",Undergraduate,https://www.obama.org/programs/voyager-scholarship/,January 28,"Current college Sophomores who plan to enroll full-time in their junior year of study at an accredited four-year college or university in the United States in Fall 2026. 
Demonstrate financial need—this is calculated using a similar formula to the FAFSA.
Have a minimum grade point average of 3.0 on a 4.0 scale or equivalent. Students are required to upload unofficial transcripts as part of the application process. 
Have demonstrated a commitment to public service.
Plan to pursue a future career in public service upon graduation.
Be a United States (U.S.) citizen, U.S. national, U.S. permanent resident (holders of a Permanent Resident Card), or individuals granted deferred action status under the Deferred Action for Childhood Arrivals Program (DACA)."
March 18,Gordon Hay Scholarship,"$10,000","High school, Undergraduate",https://www.blumenthalarts.org/education/student-programs/scholarships/gordon-hay-scholarship,,"Plans to pursue a non-performing career in theater (costume, lighting, sound and set design, stage management, production management, direction, choreography and other technical non-performing roles)
Is a current high school senior, college freshman, or college sophomore"
March 20,Allwork Scholarship ,"Up to $10,000",Undergraduate,https://www.aiany.org/architecture/competitions-grants/eleanor-allwork-scholarship/,,Students seeking their first degree in architecture from an NAAB-accredited school in the State of New York are eligible.
March 20,Innovation in Education Scholarship,$500,"High school, Undergraduate, Graduate",https://www.latutors123.com/scholarships/innovation-in-education/,,"Must currently be enrolled as a high school, college/university, or graduate student.
Must have a cumulative GPA of at least 3.0 (or the equivalent)."
March 23,Drive2Life PSA Contest,"$2,000","K-8, High school",https://nrsf.org/contests/drive2life,,Students ages 13-19 in grades 6-12
March 30,.05 BAC PSA 2026 Contest,"$75, $150, $250","K-8, High school",https://courageouspersuaders.com/wp-content/uploads/2026/02/05-PSA-Contest-Final-12.04.2025-2.pdf,,Grades 6-12
March 30,Courageous Persuaders- Distracted Driving Awareness Scholarship,"$2,000",High school,https://courageouspersuaders.com/distracted-driving/#1489503962481-b1168d80-ea38d3eb-d2400966-852616708926653901670893489034,,Open to all students attending a high school in the continental United States only
March 30,Courageous Persuaders- Impaired Driving Scholarships,"$2,000",High school,https://courageouspersuaders.com/impaired-driving/#1489503964921-3acbdde1-0dcfd3eb-d2400966-8526167089266539016708934890341673293869892,,Open to all students attending a high school in the continental United States only
March 30,Courageous Persuaders- Passenger Empowerment,"$2,000",High school,https://courageouspersuaders.com/passenger-empowerment/,,Open to all students attending a high school in the continental United States only
March 30,Courageous Persuaders - Other Scholarships,"$1,000-$2,500",High school,https://courageouspersuaders.com/other-scholarships/,,Open to all students attending a high school in the continental United States only
March 30,The Bank Family Education Fund Scholarship,"$2,000","Undergraduate, Graduate",https://fishndans.com/banks-family-fund/,,"For students interested in outdoors, wildlife, and conservation
The scholarship is open to legal residents of the United States who are at least 18 years of age.
The applicant must be enrolled in an accredited college, undergraduate or graduate degree program in the United States. The scholarship is offered to both part-time and full-time students.
Candidates must be in good academic standing with a minimum cumulative GPA of 3.0 or above."
March 30,First Generation College Student Scholarship,"$2,500","Undergraduate, Graduate",https://www.kadzailawgroup.com/scholarship,,"You must be a first-generation college student at least 17 years of age, enrolled in an undergraduate or graduate program at an accredited college or university within the United State, and a permanent resident or citizen of the United States"
March 30,The Educational Foundation for Women in Accounting,"$3,000",Graduate,"https://www.efwa.org/scholarships_postgraduate.php#:~:text=The%20Laurels%20Fund%20was%20established,D.",,"Applicant must be a woman
Applicant must be pursuing a PhD in business with a concentration in accounting
Applicant must be attending an AACSB accredited college or university
Applicant must be a U.S. Citizen"
March 31,Rural Gone Urban Foundation Scholarship,"$10,000","High school, Undergraduate, Graduate",https://ruralgoneurban.org/scholarships,March 24,"Open to rural female students across the United States who are pursuing post-secondary education
Eligible applicants may attend public, private, or homeschool institutions and must plan to enroll in, or currently be enrolled in, an accredited college or university, trade school, or professional training program.
Applicants may be high school seniors, undergraduate students, or graduate students who have been accepted to or are actively enrolled in a reputable post-secondary institution.
There is no minimum GPA requirement for this scholarship."
March 31,Shell Associate Scholarship Program,"$2,200",Undergraduate,https://www.shell.us/careers/about-careers-at-shell/shell-graduate-program/scholarships.html#vanity-aHR0cHM6Ly93d3cuc2hlbGwudXMvY2FyZWVycy9zdHVkZW50cy1hbmQtZ3JhZHVhdGVzL3NjaG9sYXJzaGlwcy9iYWNoZWxvcnMtZGVncmVlLXN0dWRlbnRzLmh0bWw,January 27,"Candidates must be enrolled full or part-time in an associate or technical degree program and majoring in one of the following disciplines during the year of the scholarship award: Compressor/Compression Technology, Electrical/Electronic Technology, Industrial Maintenance Technology, Integrated Production Technology, Instrumentation/Analyzer Technology, Machine Tool Technology, Machinist/Mechanical Technology, Pipefitting, Pipeline Integrity, Process Technology, Welding.
Candidates must maintain a minimum 3.25 cumulative GPA (will not be rounded) on a 4.0 scale throughout any participation in the scholarship program"
March 31,Brower Youth Awards for Environmental Leadership,"$3,000","High school, Undergraduate",https://www.broweryouthawards.org/programs/brower-youth-awards/apply/#application,,"Youth environmental change leaders ages 13 to 22 (as of the application deadline) living in North America (including Mexico, Canada, and U.S. territories) are encouraged to apply. "
March 31,College JumpStart Show Grit Scholarship,"$1,000","High school, Undergraduate",https://www.jumpstart-scholarship.net/application-show-grit-scholarship,,"Current student (high school 10th-12th or college) or planning to enter college within the next 12 months
U.S. citizen or legal resident"
March 31,National Federation of the Blind Scholarships,"$10,000","High school, Undergraduate",https://www.nfb.org/programs-services/scholarships-and-awards/scholarship-program,,"Must be legally blind (PDF) in both eyes.
Must be residing in the United States, the District of Columbia, or Puerto Rico.
Must be 18 years of age by July 3, 2026.
Must be pursuing or planning to pursue a full-time, post-secondary course of study in a degree program at a United States institution in the fall of the year of application"
March 31,The Albert W. Dent and Foster G. McGaw Graduate Student Scholarship,"$5,000",Graduate,https://www.ache.org/membership/student-resources/albert-w-dent-graduate-student-scholarship,January 2,"Student enrolled full-time in a healthcare management graduate program - MHA, MPH, MBA in Healthcare Administration or similar.
You are entering your final year (fall/spring) of full-time study.
You expect to graduate between Sept. 1, 2026 and Aug. 31, 2027.
If you currently hold a paid healthcare management position, you are not eligible to apply.  
Doctoral students are also not eligible to apply.
You are a U.S. citizen or lawful permanent resident; or a Canadian citizen."
March 31,"National High School Poetry Contest
",$100-$500,High school,https://www.highschoolpoetrycontest.com/to-enter.html,,All U.S. high school students are eligible to enter this contest
March 31,"$1,000 Dreams Scholarship","$1,000","High school, Undergraduate, Graduate",https://1000dreamsfund.org/programs/1000-dreams-scholarship-fund/,,"All women enrolled in a U.S. based institution – high school, college, university, graduate school, etc. – are able to apply regardless of citizenship. 
You must show proof of current enrollment in a United States based school."
March 31,Dr. Arthur A. Kezian DDS Science Scholarship,"$1,200","High school, Undergraduate, Graduate",https://www.drkezian.com/science-scholarship/,,"Applicants are required to be high school seniors to graduate students in university, majoring in a science field and pursuing advanced education
Must be at least 18 years of age
Must be attending a College or University
Must be a resident of the United States or Canada"
March 31,American Galvanizers Associations (AGA) Galvanize the Future: A Richard L. Brooks Memorial Scholarship Essay Contest,"$2,500","Undergraduate, Graduate",https://galvanizeit.org/education-and-resources/education/university-program/scholarship,,"Any full- or part-time, undergraduate or graduate student of any age enrolled at an accredited college or university only in North America, during the 2024-2025 school year majoring in architecture, civil engineering, structural engineering, construction management, material science, or other related field"
March 31,George M. Burditt/Betsy B. Woodward/Denise C. Rooney Scholarship,"$2,500","Undergraduate, Graduate",https://www.afdo.org/grants/afdo-scholarship/,,"Any full- or part-time, undergraduate or graduate student of any age enrolled at an accredited college or university only in North America, during the 2024-2025 school year. High school students are not eligible to enter this contest. 
Qualifying majors include architecture, civil engineering, structural engineering, construction management, material science, or other related field."
March 31,Hard of Hearing or Deaf Scholarship,"$1,000",Undergraduate,https://www.sertoma.org/What-we-do/Scholarships,November 1,"Must have a minimum 40dB bilateral hearing loss, as evidenced on audiogram by SRT or PTA scores.
Must be a citizen of the United States of America.
Must be pursuing a bachelor’s degree on a full-time basis at a college or university in the United States
Must have a minimum cumulative 3.2 GPA on a 4.0 un-weighted scale"
March 31,"Communicative Disorders Scholarship
","$1,000",Graduate,https://www.sertoma.org/What-we-do/Scholarships,November 1,"Must be a citizen of the United States of America
Must be pursuing a graduate level degree in speech language pathology and/or audiology at a college or university in the United States, accredited by ASHA’s Council on Academic Accreditation
Must have a minimum cumulative 3.5 GPA on a 4.0 scale for all undergraduate, graduate and doctoral level course work. This must include the most recent Fall semester."
March 31,Houzz Scholarship Program,"$2,500","Undergraduate, Graduate",https://www.houzz.com/scholarships,,"All students 17 years of age or older at interior design, architecture, landscape architecture, architectural engineering schools, or skilled trade schools in the U.S. and Canada to apply for one of our five scholarships. 
The Women in Architecture, Residential Design, Sustainable Design and Construction Management scholarships are open to students currently enrolled in an undergraduate or graduate program."
March 31,Residential Construction Management Scholarship,"$2,500",Undergraduate,https://www.surveygizmo.com/s3/4479814/Houzz-Scholarship-Q1-Construction-Management-2018,,Open to students pursuing trade certification or A.S. degrees through vocational or community college programs who plan to focus on residential construction and remodeling work professionally.
March 31,Mae & Mary Legacy Foundation Scholarship,Varies,High school,https://www.maeandmarylegacyfoundation.org/apply,January 1,"Applicants must be African American students
Applicants must be graduating a high school senior
Students from anywhere in the United States can apply 
Applicants must attend a two/four-year university or technical school
Scholarship awards must be used for tuition, books, fees or other need while attending the institution"
March 31,NetJets Scholarship,"$25,000","High school, Undergraduate, Graduate",https://columbusfoundation.org/students/scholarships/scholarship-detail/NetJetsScholarship/474,,"Candidates must be accepted or currently majoring in Aviation or Hospitality.
Candidates must have a minimum 3.5 grade point average (GPA).
Candidates must be enrolled, or enrolling, full-time status at an eligible educational institution in the U.S.
Candidates must have the ability to work and reside in the United States."
March 31,Robert Redick Memorial Scholarship,"$5,000","High school, Undergraduate, Graduate",https://www.knrlegal.com/scholarship/,,"Be a resident of Ohio.
Be accepted to or currently enrolled in an accredited college, university, or graduate program within the United States.
Have a cumulative GPA of 3.0 or higher.
Demonstrate good character and high initiative"
March 31,Young American Creative Patriotic Art Contest,"Up to $5,500",High school,https://vfwauxiliary.org/scholarships/young-american-creative-patriotic-art-contest/,,"Students in grades 9-12 who are enrolled in a public, private or parochial high school or home study program in the United States, its territories and possessions; or dependents of U.S. military or civilian personnel in overseas schools.
Although U.S. citizenship is not required, students must be permanent residents or have applied for permanent residence status (the application for which has not been denied) to become a U.S. citizen."
March 31,USMA/Blake Family Foundation Metric Awards,"$1,000-$2,000",High school,https://usma.org/metric-awards,October 1,Open to US high school senior students
March 31,Gold Award Girl Scouts,"$5,000",High school,https://www.girlscouts.org/en/members/for-girl-scouts/badges-journeys-awards/highest-awards/gold-award/gold-award-scholarship.html,,"Current high school seniors who earned or will earn anytime before April 1, 2026
Recent high school graduates who earned in their senior year after March 31, 2025"
March 31,Ron Hubbard Writers of The Future Contest,"$500, $750, $1,000","High school, Undergraduate, Graduate",https://www.writersofthefuture.com/enter-writer-contest/,April 1,New writers of science fiction and fantasy
March 31,Ron Hubbard Illustrators of The Future Contest,$500,"High school, Undergraduate, Graduate",https://writersofthefuture.com/enter-the-illustrator-contest/,April 1,New science fiction and fantasy artists
March 31,Regions Riding Forward Scholarship Contest,"$8,000","High school, Undergraduate",https://www.regions.com/about-regions/inclusion-belonging-impact/supporting-communities/essay-contest-scholarship,January 1,"Be a legal U.S. resident of one of the Eligible States: Alabama, Arkansas, Florida, Georgia, Iowa, Illinois, Indiana, Kentucky, Louisiana, Mississippi, Missouri, North Carolina, South Carolina, Tennessee and Texas
Be age 16 or older.
Have at least one (1) year (or at least 18 semester hours) remaining before your undergraduate college graduation.
If you are not yet in college, begin your freshman year of college no later than the start of the 2027 – 2028 college academic school year.
As of your most recent school enrollment period, have a cumulative grade point average of at least 2.0 in school (and if no GPA is provided at school, be in “good standing” or the equivalent thereof in school)."
March 31,J&Y “Books for Good” Scholarship,$300,"Undergraduate, Graduate",https://jnylaw.com/scholarship/,,"Students at accredited colleges, trade schools, universities, and graduate schools in the United States "
March 31,Driver Education Initiative Award – Annual Scholarship Opportunity,$500,"High school, Undergraduate, Graduate",https://www.dmvedu.org/scholarship/,January 3,"Applicants must be currently enrolled in either High School, University or College."
March 31,"Young American Creative Patriotic Art Contest
","Up to $37,000",High school,https://vfwauxiliary.org/scholarships/young-american-creative-patriotic-art-contest/,,"Students in grades 9-12 by the March 31 deadline who are enrolled in a public, private or parochial high school or home study program in the United States, its territories and possessions; or dependents of U.S. military or civilian personnel in overseas schools.
Although U.S. citizenship is not required, students must be permanent residents or have applied for permanent residence status (the application for which has not been denied) to become a U.S. citizen.
Foreign exchange students, students age 20 or older, GED and adult education students, or national winners of previous Young American Creative Patriotic Art Contests are ineligible."
March 31,3-Dimensional Patriotic Art Contest:,"$5,500",High school,https://vfwauxiliary.org/scholarships/young-american-creative-patriotic-art-contest/,,"Students in grades 9-12 by the March 31 deadline who are enrolled in a public, private or parochial high school or home study program in the United States, its territories and possessions; or dependents of U.S. military or civilian personnel in overseas schools.
Although U.S. citizenship is not required, students must be permanent residents or have applied for permanent residence status (the application for which has not been denied) to become a U.S. citizen.
Foreign exchange students, students age 20 or older, GED and adult education students, or national winners of previous Young American Creative Patriotic Art Contests are ineligible."
March 31,Self Help Community Scholarship,"$1,000","High school, Undergraduate, Graduate",https://www.self-help.org/updates/self-help-community-scholarships,,"Open to students planning to attend or currently attending any post-secondary educational institution including universities, colleges, technical schools, trade, and vocational institutions."
March 31,SuperCollege Scholarship,"$1,000","High school, Undergraduate, Graduate",https://www.supercollege.com/scholarship/,,"Open to all students -- high school, college, grad or adult -- who are currently in college or plan to start"
March 31,The Home Depot Foundation Path to Pro Scholarship,"$2,500","High school, Undergraduate, Graduate",https://webportalapp.com/sp/login/skillpointefoundation_homedepot-pathtopro,,"Be a high school senior, high school graduate or have a GED equivalent.
Plan to enroll, or be enrolled within 1 year, in an approved trade-related program at an accredited two-year school or institution (i.e. technical/vocational school, community college or training center) in the United States.
Programs/Career Paths: Carpentry, Construction Management, Electrical, HVAC, Plumbing."
April 30,Flora Marie Jenkins Memorial Disability Scholarship,"$5,000","High school, Undergraduate",https://disabilitydenials.com/scholarships/disability-scholarship/,November 1,"Be a U.S. citizen or legal permanent U.S. resident with a documented disability
Be accepted to an institution of higher learning (two- or four-year undergraduate program) – or –
Be enrolled in a two- or four-year undergraduate program currently"
April 1,Debt.com Scholarship For Aggressive Scholarship Applicants,"$1,000","Undergraduate, Graduate",https://www.debt.com/our-story/scholarships/,,College freshmen to senior citizens and everyone in between can apply
April 1,Annual Scholarship Sponsored by Double A Solutions,"$1,000","High school, Undergraduate, Graduate",https://www.doubleasolutions.net/scholarship/,January 1,"You must presently be a senior in high school, be transitioning from high school to college or university, and be already enrolled in a college or university at any level in the United States or Canada."
April 1,AMS Senior Named Scholarships,"$2,000-$10,000",Undergraduate,https://www.ametsoc.org/ams/information-for/students/ams-scholarships-and-fellowships/ams-senior-named-scholarships/,,"Applicants must be entering their final year of undergraduate study in the fall of 2026 and provide evidence of acceptance as a full-time student at an accredited U.S. institution at the time of the award. 
Applicants must be pursuing a degree in the atmospheric or related sciences. 
Applicants must have a minimum grade point average of 3.0 on a 4.0-point scale.
Applicants must be U.S. citizens or hold permanent resident status.  No age restriction exists."
April 1,Teens for Alzheimer’s Awareness College Scholarship Essay Contest,"Up to $5,000",High school,https://alzfdn.org/scholarship/,November 1,"Currently be a high school senior
Currently reside in the US as a citizen
Must attend an accredited college/university in the US immediately following high school graduation in 2026 (no gap year/semester)"
April 1,JMJ Phillip Group College Scholarship,"$1,000","High school, Undergraduate, Graduate",https://jmjphillip.com/jmj-phillip-stem-scholarship/,,"High school students who have been accepted to college and students who are currently enrolled in a college or university are eligible to apply for the JMJ Phillip Group college scholarship program. 
Students must be currently enrolled in a U.S.-based high school or college. Students graduating from high school must plan to attend college during the fall semester in the same year as the application.
Eligible colleges include two-year and four-year universities in the United States.
Students who apply must have a minimum GPA of 3.6. Current (unofficial) transcripts must be sent with the application."
April 1,Davis-Putter Scholarship Fund,"Up to $15,000","Undergraduate, Graduate",https://www.davisputter.org/apply,January 1,"Need-based scholarships are awarded to students who are enrolled at a college or university or in a trade,community college, college, or university who are actively working toward liberation, justice and social change in their communities. Davis-Putter scholars are both undergraduate and graduate students."
April 1,Project Yellow Light Scholarship - Video,"$8,000",High school,https://projectyellowlight.com/,,High school junior or senior between the ages of 14 and 20; or a full-time undergraduate college student between the ages of 15 and 25
April 1,Project Yellow Light Scholarship - Radio,"$2,000",High school,https://projectyellowlight.com/,,High school junior or senior between the ages of 14 and 20; or a full-time undergraduate college student between the ages of 15 and 25
April 1,Wergle Flomp Humor Poetry Contest,"$100-$2,000","K-8, High school, Undergraduate, Graduate",https://winningwriters.com/our-contests/wergle-flomp-humor-poetry-contest-free,August 15,"Poets of all ages may enter. Authors from all countries except Syria, Iran, North Korea, Crimea, Russia, and Belarus are eligible"
April 1,Women in International Trade (WIIT) Young Leadership Scholarship Award,"$1,500","Undergraduate, Graduate",https://www.wiit.org/content.asp?contentid=162,,"Applicants must identify as female and be currently enrolled at an accredited U.S. university or college, either full-time or part-time. 
Applicants must be undergraduate Juniors or Seniors, or enrolled in graduate studies.
Women studying all aspects of International Trade, including trade policy and negotiations, global business and supply chains, economic development, and more."
April 1,HBCU Bound Scholarship,"$1,000",High school,https://thehbcualum.com/blogs/news/2026-scholarship-application,,Graduating Seniors planning to enroll in an Historically Black College or University (HBCU) in the Fall of 2026 with a cumulative GPA of 3.0 or higher
April 1,American Meteorological Society (AMS) Scholarship,"$2,000-$10,000",Undergraduate,https://www.ametsoc.org/index.cfm/ams/information-for/students/ams-scholarships-and-fellowships/ams-senior-named-scholarships/,,"Applicants must be entering their final year of undergraduate study and provide evidence of acceptance as a full-time student at an accredited U.S. institution at the time of the award. 
Applicants must be pursuing a degree in the atmospheric or related sciences. 
Applicants must have a minimum grade point average of 3.0 on a 4.0-point scale.
Applicants must be U.S. citizens or hold permanent resident status.  No age restriction exists."
April 2,Stephen Phillips Memorial Scholarship,"$6,000-$10,000",High school,https://phillips-scholarship.org/apply/new-applicants/,January 1,"An entering or returning student at an accredited undergraduate institution in the United States and must be enrolled full-time (at least 12 hours).
Pursuing a bachelor’s degree (BA, BS, BFA, BSN for example) for the first time. Students in one-year or two-year certificate or associate’s degree programs do not qualify. Students in five-plus year programs ending in a master’s degree or beyond may apply for the first four (undergraduate) years of their programs.
A United States citizen OR noncitizen who EITHER a) has a current lawful presence in the United States and employment authorization OR b) files (or is the dependent of a parent who files) a US income tax return.
A permanent resident of a New England state: Connecticut, Maine, Massachusetts, New Hampshire, Rhode Island or Vermont."
April 5,ICC Scholarship Essay Contest,$250,High school,https://internationalcollegecounselors.com/international-college-counselors-scholarship-essay-contest/,,"All high school freshmen, sophomores, or juniors can participate. Students from public and private schools, homeschool, and international students are eligible."
April 6,Surety Bond Authority Scholarship Program,"$1,500","High school, Undergraduate",https://suretybondauthority.com/surety-bond-authority-scholarship-2026/,,"Must be a high school or college undergraduate student.
Preference is given to students pursuing Accounting, Banking, Finance, or related business fields."
April 7,BMO Capital Markets Equity Through Education Scholarship,"$10,000","Undergraduate, Graduate",https://limeconnect.com/awards/bmo_capital/,,"A current undergraduate or graduate student at a four-year university in the United States or Canada
Pursuing a degree in business/commerce, computer science, engineering, math, physics, statistics, or a related discipline
Interested in a career in Financial Services with a focus on Capital Markets preferred
A person with a (visible or non-visible) disability (defined as someone who has, or considers themselves to have, a long-term or recurring, issue that impacts one or more major activities that others may consider to be a daily function); this definition also includes the perception among others that a disability exists. We know that 90% of disabilities on campus are invisible, and candidates with all disabilities are encouraged to apply"
April 10,Boomer Esiason Foundation Academic Scholarship,"$3,000-$10,000","Undergraduate, Graduate",https://www.esiason.org/assistance/scholarships/bef-academic-scholarship/,,"Have a confirmed diagnosis of cystic fibrosis
Be a US citizen or legal permanent resident of the US
Be enrolled in or accepted to an undergraduate or graduate program
Demonstrate academic achievement, strong character, leadership, community service, and financial need"
April 10,Foundation of Flexographic Technical Association (FFTA) Scholarship,"$3,000","High school, Undergraduate",https://www.flexography.org/honors-awards/scholarships/ffta-scholarship/,,"College juniors, College sophomores (at a two- or four-year college), College freshman (at a two- or four-year college), High school seniors (enrolled in a Flexo in Education Program) pursuing careers in flexography and graphic communications "
April 13,Meg Graham Scholarship,"$10,000",High school,https://washington.jl.org/home/community/students/,,"High school senior who:
Is a Washington, DC, resident
Attends a public, charter, private, or parochial high school in Washington, DC
Is matriculating to an accredited, four-year, post-secondary college or university in Fall 2026
Is in good academic standing, with a minimum 3.0 cumulative GPA on a 5.0 scale"
April 13,Anne Ford Scholarship,"$10,000",High school,https://www.ncld.org/scholarships-awards/,,"Graduating high school senior who will enroll in a full-time bachelor’s degree program in the fall. 
Students must have a documented learning disability (LD). 
Students with Attention Deficit Hyperactivity Disorder (ADHD) who also have a learning disability, are encouraged to apply."
April 13,Allegra Ford Thomas Scholarship,"$5,000",High school,https://www.ncld.org/scholarships-awards/,,"Graduating high school senior who will enroll in a two-year community college, a vocational or technical training program, or a specialized program for students with disabilities in the fall. Students must have a documented learning disability (LD). 
Students who have Attention Deficit Hyperactivity Disorder (ADHD) and a LD, are encouraged to apply."
April 14,Gold Award Girl Scouts,"$5,000",High school,https://www.girlscouts.org/en/members/for-girl-scouts/badges-journeys-awards/highest-awards/gold-award/gold-award-scholarship.html,March 13,"Current high school seniors who earned or will earn anytime before April 1, 2026 or recent high school graduates who earned in their senior year after March 31, 2025"
April 15,Williams-Franklin Foundation Scholarship,"$5,000",Undergraduate,https://wmsfranklinfoundation.org/scholarships/,March 1,"Currently enrolled at an accredited HBCU for undergraduate studies and classified as an undergraduate student for the 2026-2027 school year.
Completed at least 24 academic credit hours by the end of the spring semester
Obtained a cumulative GPA of 2.7 or above
Be a U.S. resident at the time of application submission
Demonstrate financial need"
April 15,Tzu Chi USA Scholars Program,"$1,500",High school,https://tzuchi.us/scholarships,Octobter 31,"Applicant demonstrates financial need for college tuition and related expenses.
Applicant is a U.S. high school graduating senior or equivalent.
Applicant will enroll in an accredited U.S. college full-time for the academic year 2026-2027."
April 15,Pretty Preset for Lightroom Scholarship,$500,"High school, Undergraduate, Graduate",https://www.lightroompresets.com/pages/pretty-lightroom-presets-scholarship-program,,"You should presently be a senior in high school;
Or be transitioning from high school to a college or university;
Or be already enrolled in a college or university inside the United States or Canada."
April 15,Legal Opportunity Scholarship,Varies,Graduate,https://www.americanbar.org/groups/diversity/diversity_pipeline/projects_initiatives/legal_opportunity_scholarship/,February 1,"The applicant must be an entering, first-year law student in academic year 2026.
The applicant must have demonstrated a strong commitment to advancing diversity, equity, and inclusion (DEI).
Only first-year students (part-time included) beginning law school in this academic year will be eligible for a scholarship.  Law students who have completed one or more semesters or years of law school are not eligible.
Minimum cumulative grade point average of 2.5 (on a 4.0 grading scale) at their undergraduate institution."
April 15,Essential Visionaries Scholarship Fund,"$5,000-$10,000","High school, Undergraduate",https://scholarshipamerica.org/scholarship/essentialvisionaries/,,"Be high school seniors, high school graduates, GED graduates, or current college undergraduates residing in the United States (U.S.).
Plan to enroll in part-time or full-time undergraduate study at an accredited two- or four-year college or university or vocational-technical school for the entire upcoming academic year.
Be pursuing a degree or certificate* with a major in Education, Counseling, Social Work, Psychology, or Pre-Nursing/Nursing.
Applicants pursuing education, counseling, social work, or psychology must demonstrate a commitment to working within the K-12 system.
Have a minimum grade point average of 2.5 on a 4.0 scale (or its equivalent)."
April 15,Gloria Barron Wilderness Society Scholarship,"$25,000",Graduate,https://www.wilderness.org/articles/article/gloria-barron-wilderness-society-scholarship-how-apply,Mid-February,"Be currently enrolled in an accredited graduate institution in the United States at the time of application
Have academic and/or career goals focused on making a significant positive difference in the long-term protection of wilderness in the United States."
April 15,Charles Shelton Foundation Scholarship,"$2,000","High school, Undergraduate, Graduate",https://www.thecharlessheltonfoundation.org/scholarship,,"Must have a minimum 3.0 GPA and provide an official copy of your transcript in a sealed envelope
Black African-American graduating HS senior, current college student or returning college student
Must be a legal U.S. resident
Must be a resident of one of the 50 United States or the District of Columbia
Experience in Veterinary Medicine or Technology."
April 15,CJ Pony Parts Scholarship Video Contest,$500,"High school, Undergraduate, Graduate",https://www.cjponyparts.com/cj-pony-parts-scholarship-video-contest,,"Any U.S. resident who will be enrolling in post-secondary education in the next semester is eligible for this scholarship. 
This is open to all fields of study and is not exclusive to automotive or related degrees."
April 15,Create Real Impact Contest,"$250-$1,000","High school, Undergraduate",https://www.createrealimpact.com/,October 17,"An individual entrant must be a full-time student between the ages of 14 and 22 years who are enrolled in an accredited educational institution (secondary, middle/high school, trade school, college, or university)."
April 17,Rosen & Ohr Scholarship,"$1,000","Undergraduate, Graduate",https://www.rosenohrlaw.com/scholarship/,August 8,"Essays from students who have suffered injuries due to an accident or who have been impacted personally by a loved one’s accident. 
You must be a student enrolled in: Community college, An undergraduate program, and Graduate school
*Note that you must also detail your financial need for the scholarship to be eligible."
April 17,Next Chapter Scholarship (Non-Traditional),"$25,000","Undergraduate, Graduate",https://calltoactionphilanthropies.org/focus-areas/scholarships/next-chapter/,March 1,"Age 25 or older.
Returning to school after 3+ years
Single parent with dependent children.
Military affiliated (active duty, veteran, spouse, or dependent)
Former foster youth.
Maintain a 3.0+ college GPA
Be a resident of Arizona, Colorado, Idaho, Iowa, Nevada, or Utah
Major in an approved degree (see website)."
April 20,Dragon Hearts College Scholarship Fund,"$5,000","High school, Undergraduate",https://www.apcf.org/dragon-hearts-foundation-scholarship-open,,"Available for Female High School Seniors/1st Year College Students pursuing Business or STEM degrees.
Planning to Attend College as a Full-Time, Degree-Seeking Student in the Fall of 2026"
April 20,Innovation in Education Scholarship,$500,"High school, Undergraduate, Graduate",https://www.latutors123.com/scholarships/innovation-in-education/,,"Must currently be enrolled as a high school, college/university, or graduate student.
Must have a cumulative GPA of at least 3.0 (or the equivalent)."
April 20,Kreative Solutions HBCU Scholarship,Varies,Undergraduate,https://www.krscholars.com/apply,April 1,"Full-time sophomore, junior, and senior students from any Historically Black College or University (HBCU), regardless of major
Applicants must maintain a minimum GPA of 2.75 and demonstrate financial need to qualify for consideration.
Incoming freshmen are not eligible to apply."
April 21,Walker Williams Wilson Memorial Scholarship,Varies,"High school, Undergraduate, Graduate",https://www.svgsfoundation.org/scholarship,,"High School Seniors with acceptance to an Historically Black College or University - GPA 2.7 or higher
Current full-time Students with enrollment at an Historically Black College or University - GPA 3.0 or higher"
April 24,McDonald's Black & Positively Golden® Scholarship,"Up to $15,000",Undergraduate,https://www.mcdonalds.com/us/en-us/black-and-positively-golden/education.html,September 15,"Be enrolled full-time as an undergraduate freshman, sophomore, junior or senior attending an HBCU during the 2026-2027 academic year
Current cumulative grade point average of 2.7 or higher
Must be able to demonstrate leadership abilities
Must be able to demonstrate a financial need
Be a U.S. citizen or legal permanent resident with a valid permanent resident card or passport stamped I-551"
April 27,The Husband & Wife Law Team Scholarship,"$2,000","High school, Undergraduate",https://husbandandwifelawteam.com/in-your-community/scholarships,,"You must be a high school senior on track to graduate or a college student enrolled in an accredited four-year university/college, or currently enrolled in a two-year college and planning to transfer to a four-year university/college upon completion.
You have maintained a 3.0 or higher GPA.
You are a U.S. Citizen or hold Permanent Residency status. DACA recipients are welcome to apply."
April 29,Young Scholars Program,"Up to $55,000",K-8,https://www.jkcf.org/our-scholarships/,February 5,"Currently in 7th grade and/or entering 8th grade in the fall of 2026.
Since the beginning of 6th grade, earned grades of all or mostly As in school, with no Cs or below in core academic subjects (English/Language Arts, Math, Science, Social Studies/History).
Demonstrate unmet financial need. Applicants with a family adjusted gross income (AGI) up to $95,000 are eligible to apply. 
Currently attending middle school in the U.S. and planning to attend high school in the U.S."
April 30,Danny Gutierrez Scholarship,Varies,"High school, Undergraduate, Graduate",https://nhcfae.org/danny-gutierrez-scholarship/,February 13,"Major field of study must be in Engineering/Technical (ONLY)
Must be a US Citizen or a permanent resident residing in the United States or Puerto Rico.
Current DACA (Deferred Action for Childhood Arrivals) recipients
Applicants must be accepted or attending an accredited college, university, or vocational/trade school at the time the scholarship is awarded."
April 30,Thermo Fisher Scientific Antibody Scholarship,"$5,000-$10,000","Undergraduate, Graduate",https://www.thermofisher.com/us/en/home/life-science/antibodies/thermo-fisher-scientific-antibody-scholarship-program.html,January 4,"Legal resident of the 50 U.S. states or District of Columbia as a U.S. citizen, a U.S. permanent resident or an international student that has a valid student visa (F-1 visa) to study in the U.S. DACA recipients are not eligible;
Age 18 or older
Pursuing an Associate Degree, Bachelor’s Degree, Master’s Degree, or Doctor of Philosophy (PhD) at an accredited U.S. college or university located in the 50 U.S. states or District of Columbia with a cumulative college GPA of 3.0 or greater on a 4.0 scale. Students enrolled in certificate programs only are not eligible;
Declared major of biology, chemistry, biochemistry or a related life science field.
Students with a declared major outside of the life sciences but are pursuing a life science minor are not eligible."
April 30,The Ike Foundation Scholarship,"$2,000",High school,https://theikefoundation.org/forms-and-applications/scholarship-application/,November,"Be enrolled as a high school senior
Be a U.S. citizen or eligible non-citizen
Plan to enroll in a two or four-year college or university as a full time, degree-seeking student
Demonstrate volunteer commitment to support the community, preferably related to fishing or conservation
Have a minimum GPA of 3.2"
April 30,J&Y “Books for Good” Scholarship,$300,"Undergraduate, Graduate",https://jnylaw.com/scholarship/,,"Students at accredited colleges, trade schools, universities, and graduate schools in the United States "
April 30,Ayd Rand: Anthem Essay Contest,"$2,000","K-8, High school",https://aynrand.org/students/essay-contests/anthem,,Open to all students in 8th through 12th grade
April 30,Ayd Rand: The Fountainhead Essay Contest,"Up to $25,000","K-8, High school",https://aynrand.org/students/essay-contests/the-fountainhead,,Open to all students in 8th through 12th grade
April 30,Ayd Rand: Atlas Shrugged Essay Contest,"Up to $25,000","High school, Undergraduate, Graduate",https://aynrand.org/students/essay-contests/atlas-shrugged,,Open to all students in 9th grade through graduate school
April 30,All Star Verified Scholarship,"$1,000","High school, Undergraduate, Graduate",https://www.verifiedscholarships.com/scholarship-program/,January 1,"This scholarship is open to high school, college, graduate, or adult students and parents of high school and college students."
April 30,Shawn Carter Fund National Scholarship,"Up to $15,000","High school, Undergraduate",https://shawncartersf.com/scholarship/,April 1,"All high school seniors, students with GED diplomas, undergraduate (2yr or 4yr) college students, and students at vocational or trade schools who meet the requirements below are eligible.
US Citizen or Permanent Resident
25 years old or younger
Minimum 2.0 GPA – First-time scholarship recipients generally have GPAs between 2.0 and 3.0 (students with GPAs above this range are still encouraged to apply)
Demonstrated Financial Need – On average, selected applicants have an annual household adjusted gross income (AGI) of $75,000 or less
Students pursuing their first undergraduate degree at an accredited, degree-granting institution"
April 30,Education Matters Scholarship,"$5,000","High school, Undergraduate, Graduate",https://roachlawoffice.com/education-matters-scholarship/,,"Applicants must be currently enrolled in or planning to attend an accredited community college, undergraduate, or graduate program within the United States
Applicants must have a current GPA of 3.0 or higher
Applicants must be a resident of Missouri or currently attending a college or university located in Missouri"
April 30,Hispanic Scholarship Consortium Scholarship,Varies,Undergraduate,https://www.hispanicscholar.org/apply,,"Be of Hispanic/Latino heritage
Plan to enroll on a full-time or part-time basis in a certificate or associate, bachelor degree program
Hold a cumulative GPA of 2.5 or higher on a 4.0 scale
Reside in Texas "
April 30,The Sara Scholarship,"$2,500","High school, Undergraduate",https://www.sarascholarship.org/how-to-apply,,"You are a high school senior or undergraduate female student.
You maintain a strong academic record (GPA 3.3+).
You have a documented connection to golf (Ex. playing golf as a hobby or as part of a team, working at a golf course, as a caddy or in a pro shop, and any other direct, active engagement with golf)"
April 30,Think for Yourself Scholarship,"$2,000-$8,000",High school,https://letgrow.org/program/think-for-yourself-scholarship/,,"Applicants must be at least sixteen (16) years of age or older at the time of application, be legal residents of the fifty (50) United States, District of Columbia, Puerto Rico, or Guam, and be currently a senior (12th grade) or equivalent in an accredited high school or alternative program such as a micro-school or homeschool, and must enroll no later than the fall of 2028 in a post-secondary institution of higher education (2 or 4 year college or university, trade school, online or vocational school program)."
April 30,RentHop's College and University Scholarship Program,"$1,000","High school, Undergraduate",https://www.renthop.com/resources/college-scholarship,,"You must be a current student in an eligible undergraduate program or a graduating high school senior, working towards a bachelor's degree or associate's degree."
April 30,E-waste Scholarship,"$1,000","High school, Undergraduate, Graduate",http://www.digitalresponsibility.org/ewaste-scholarship,,"Must be a high school freshman, sophomore, junior, or senior or a current or entering college or graduate school student of any level. Home schooled students are also eligible. There is no age limit. You must also be a U.S. citizen or legal resident. "
April 30,Lift Parts Express Scholarship,$500,"High school, Undergraduate",https://forkliftpartsflorida.com/forkliftparts.php,,"Students must be between the ages of 16-21
Must be attending school in the fall
Must be a resident of the United States and Canada
Students must have a 2.5 GPA or above"
April 30,The Andrew Flusche Scholarship Contest,$500,"High school, Undergraduate, Graduate",https://www.andrewflusche.com/scholarship/,,"United States citizens or lawful residents who are:
Accepted into a U.S. college, university, graduate school, or trade school.
Enrolled in a U.S. college, university, or trade school."
May 1,The Melissa Stoneberger Scholarship,Varies,Undergraduate,https://www.melissastonebergerfoundation.org/scholarships,February 22,"A full-time undergraduate student enrolled at an accredited college or university
Actively involved in community service or leadership roles
Committed to making a positive impact in the world
Demonstrates financial need
Inspired to carry forward Melissa's legacy of love, courage, and service"
May 1,Hertiage Scholarship,$500,"High school, Undergraduate",https://www.dutchcrafters.com/heritage-scholarship,,"Enrolled or accepted for enrollment as a full-time student at an accredited 4-year undergraduate institution located in the United States of America.
Be a U.S. citizen or maintain legal residency within the United States.
Have achieved a minimum cumulative high school GPA of 3.0 on a 4.0 scale.
Must have applied for federal financial aid (FAFSA)."
May 1,The Paradigm Challenge,"Up to $100,000","K-8, High school",https://www.projectparadigm.org/,,Students aged 4 to 18 
May 1,School Spirit Scholarship,"$1,500",High school,https://www.1stplacespiritwear.com/scholarship,,The scholarship is open to all high school seniors in the United States who plan to attend a university or community college
May 1,Rover Scholarship,"$2,500","High school, Undergraduate, Graduate",https://www.rover.com/college-scholarship/,,"You need to be a resident of the United States.
You must be a graduating high school senior or currently a freshman, sophomore, or junior in college in pursuit of an associates degree, bachelor’s degree, or master’s degree.
If you're a graduating high school senior, your GPA must be 3.0 or above.
If you're in college, your GPA must be 3.0 or above. If you’re in graduate school, you must either have a 3.0 GPA or above or a “Pass” in a Pass/Fail grading system"
May 1,Bryan Cameron Education Foundation,Varies,High school,https://www.bryancameroneducationfoundation.org/scholarship,,"Maintain a minimum, cumulative, unweighted GPA of a 3.7/4.0 scale or equivalent in their high school studies;
Be a full citizen of the United States of America;
Be a graduating high school senior"
May 1,Stephen Phillips Memorial Scholarship,"$6,000-$10,000","High school, Undergraduate",https://phillips-scholarship.org/apply/new-applicants/,January 1,"An entering or returning student at an accredited undergraduate institution in the United States and must be enrolled full-time (at least 12 hours).
Pursuing a bachelor’s degree (BA, BS, BFA, BSN for example) for the first time. Students in one-year or two-year certificate or associate’s degree programs do not qualify. Students in five-plus year programs ending in a master’s degree or beyond may apply for the first four (undergraduate) years of their programs.
A United States citizen OR noncitizen who EITHER a) has a current lawful presence in the United States and employment authorization OR b) files (or is the dependent of a parent who files) a US income tax return.
A permanent resident of a New England state: Connecticut, Maine, Massachusetts, New Hampshire, Rhode Island or Vermont."
May 1,Pureland Supply Vocational and Skilled Trade Scholarship,$250,Undergraduate,https://www.purelandsupply.com/t-scholarship.aspx,,"Designed to support students who are enrolled in accredited trade schools, vocational colleges, technical schools, or community colleges pursuing careers in trade, craft, or labor-related fields."
May 1,The Ashoori Law Good Deeds Scholarship,"$1,000","Undergraduate, Graduate",https://www.ashoorilaw.com/scholarship/,,"You are enrolled or accepted in an accredited U.S. undergraduate or graduate program. 
You have a 3.0 GPA or higher."
May 1,Ben Hall: College/Trade School Scholarship,"$1,000","Undergraduate, Graduate",https://www.benhalllaw.com/college-trade-school-scholarship/,,Scholarship to five students going to college or a trade school
May 1,Greater Than Gatsby Annual Scholarship,"$1,000","High school, Undergraduate, Graduate",https://www.greaterthangatsby.com/academic-photography-scholarship/,,"You must be a recently accepted high-school student, undergraduate or graduate student from an accredited college/university in the United States. 
You must be majoring in any type of art, communications, english, film, fine arts, journalism, multimedia, photography and visual arts. 
You must be able to provide proof of your identity if you are chosen as the winner. 
Qualified ID is a student id or driver’s license."
May 1,Stephen Phillips Memorial Scholarship,"$6,000-$10,000",Undergraduate,https://phillips-scholarship.org/apply/new-applicants/,,"An entering or returning student at an accredited undergraduate institution in the United States and must be enrolled full-time (at least 12 hours).
Pursuing a bachelor’s degree (BA, BS, BFA, BSN for example) for the first time. Students in one-year or two-year certificate or associate’s degree programs do not qualify. Students in five-plus year programs ending in a master’s degree or beyond may apply for the first four (undergraduate) years of their programs.
A United States citizen OR noncitizen who EITHER a) has a current lawful presence in the United States and employment authorization OR b) files (or is the dependent of a parent who files) a US income tax return."
May 1,Thermo Fisher Scientific Antibody Scholarship,"$5,000-$10,000","Undergraduate, Graduate",https://www.thermofisher.com/us/en/home/life-science/antibodies/thermo-fisher-scientific-antibody-scholarship-program.html,August 1,"Pursuing an Associate Degree, Bachelor’s Degree, Master’s Degree, or Doctor of Philosophy (PhD) who have cumulative college GPA of 3.0 or greater on a 4.0 scale. Students enrolled in certificate programs only are not eligible;
Legal resident is a U.S. citizen, a U.S. permanent resident or an international student that has a valid student visa (F-1 visa) to study in the U.S. DACA recipients are not eligible;
Age 18 or older
Enrolled as a Student at an accredited U.S. college or university located in the 50 U.S. states or District of Columbia
Declared major of biology, chemistry, biochemistry or a related life science field. Students with a declared major outside of the life sciences but are pursuing a life science minor are not eligible. Those who are actively working as or studying to become a Healthcare Professional may not participate in this Program."
May 1,Nicolet Law Scholarship,"$5,000","High school, Undergraduate, Graduate",https://nicoletlaw.com/community-involvement/college-scholarship-video-essay-contest/,,"Future or current full-time undergraduate or graduate students, including international students, at an accredited U.S. college or university.
Applicants must be in good academic standing.
All areas of study are welcome. There are no restrictions."
May 2,Got a Spine Scholarship,$500,"High school, Undergraduate, Graduate",https://arcticchiropracticfairbanks.com/chiropractor_fairbanks.php#google_vignette,,"Be attending college or university no later than October of 2026 on a full-time basis
Have achieved a GPA of 2.5 or greater during their last academic year.
Be a U.S. or Canadian resident.
Be attending a school in the U.S. or Canada by October of 2026."
May 3,MyImpact Challenge,"$1,500-$10,000","High school, Undergraduate",https://billofrightsinstitute.org/my-impact-challenge,,Open to US based young people between the ages of 13-19
May 3,Valuing Diversity PhD Scholarship,"$1,000-$2,500",Graduate,https://www.ama.org/valuing-diversity-phd-scholarship/,,"Must be a U.S. citizen or a permanent U.S. resident.
Must be enrolled in a full-time AACSB accredited marketing doctoral program, or an advertising doctoral program, and have successfully completed at least one year."
May 4,NCAA Postgraduate Scholarship program,"$10,000",Undergraduate,https://www.ncaa.org/sports/2013/11/21/ncaa-postgraduate-scholarship-program.aspx,January 12,"Must be in final season of NCAA athletics eligibility or must have completed athletic eligibility,
Must be in final year of undergraduate academic work or received an undergraduate degree.
Have an overall undergraduate minimum cumulative grade-point average of 3.200 (based on a 4.000 scale)
Must enroll in a graduate degree granting program on a part- or full-time basis at an academically accredited graduate or degree-granting professional school.
The scholarship cannot be used to fund any undergraduate work."
May 8,GMiS STEM Scholarship,"$500-$5,000","Undergraduate, Graduate",https://greatmindsinstem.org/gmis-scholarship-application/gmis-scholarships/gmis-scholarship-guidelines/,,"Applicants must be pursuing a science, technology, engineering or math degree
Applicants must have an overall minimum GPA of 3.0 or higher on a 4.0 scale for merit-based scholarships.  Applicants may have a minimum 2.5 GPA for non-merit-based donor scholarships (at individual donors’ discretion).
Applicants may be enrolled full-time or part-time at the time of application and the time of the scholarship award
Applicants must be enrolled in a STEM or health-related undergraduate or graduate program for the upcoming fall semester, at an accredited 2-yr or 4-yr college/university in the U.S. or its territories. "
May 11,ScienceSaves Scholarship,"$250-$10,000",High school,https://sciencesaves.org/scholarship/,,All United States high school seniors entering college 
May 11,Brandon Wong & Associates Difference Makers Scholarship,"$1,000",Undergraduate,https://www.mwfamilylaw.com/scholarship,,"Student is enrolled in an accredited university or college within the United States
Student is in their junior or senior year of college
Student is a United States citizen or permanent resident"
May 13,Kanoski Bresney Stand Up to Distracted Driving Scholarship,"$1,000","High school, Undergraduate, Graduate",https://www.kanoski.com/community-involvement/distracted-driving-scholarship,,"You are currently enrolled in an undergraduate or graduate program at an accredited U.S. college or university, and your education will continue through the Fall 2026 semester.
You are a high school senior who will be starting your college or university education in Spring 2026 or Fall 2026.
You are a U.S. citizen.
You have a current overall GPA of at least 3.0."
May 15,Review It Scholarship,"$1,000","High school, Undergraduate, Graduate",https://chiureviewsscholarship.com/reviews.php,,"Be attending college or university no later than September of 2026.
Have achieved a GPA of 2.5 or greater during their last academic year.
Be attending or planning to attend a school in the US."
May 15,Nordson BUILDS Scholarship,"$4,000-$10,000","High school, Undergraduate, Graduate",https://www.nordson.com/en/our-company/community/nordson-builds-scholarship-program,January 15,"High school seniors or college students enrolling in an accredited not-for-profit postsecondary institution, including a four-year college, community college or trade school
Majoring in a field related to science, technology, engineering, mathematics or business and interested in a career in manufacturing
Live near a Nordson facility or attend a school near a Nordson facility"
May 15,Ted & Holly Rollins Scholarship,"$5,000-$10,000",High school,https://www.rollinsscholarship.org/scholarship-application,,"Scholarships will be awarded to high school seniors based on the most compelling stories -- regarding their life story, their intended field of study, career and how they will make an impact on the "
May 15,AGL Over the Rainbow Scholarship,"$1,000",High school,https://aglfoundation.org/scholarship-application,February 1,Applicant must be a high school senior heading into college
May 15,Cafe Bustelo EL Cafe Del Futuro Scholarship,"$5,000","High school, Undergraduate, Graduate",https://www.cafebustelo.com/en/scholarship,April 21,"Open to legal residents of the 50 United States, D.C. and Puerto Rico, 18 years of age or older who are currently enrolled as a full-time student at a HACU member institution"
May 15,The Maude and Alexander Hadden Scholarship,"Up to $10,000",High school,https://youth-foundation.org/application/guidelines/,February 1,"High school seniors who are U.S. citizens planning to attend a four-year accredited college or university established in the United States. 
Each applicant must have a minimum 3.5 GPA on a 4.0 scale and have SAT and/or ACT test scores to submit."
May 18,Lucas Law Legal Leaders Scholarship,"$1,000","High school, Undergraduate, Graduate",https://www.lucaslaw.com/scholarship,,"The student is pursuing a career in the legal field.
The student maintains a 3.5 grade point average or higher (if you do not currently have a GPA, you may provide your GPA from your most recently completed academic semester).
The student is enrolled (or planning to enroll) in an accredited undergraduate or graduate program within the United States through the Fall 2026 semester.
The student is at least 17 years old."
May 20,Innovation in Education Scholarship,$500,"High school, Undergraduate, Graduate",https://www.latutors123.com/scholarships/innovation-in-education/,,"Must currently be enrolled as a high school, college/university, or graduate student.
Must have a cumulative GPA of at least 3.0 (or the equivalent)."
May 22,Butler Kahn’s “Make-the-World-Better” Scholarship,"$500-$1,000","High school, Undergraduate, Graduate",https://butlerfirm.com/about-the-firm/scholarship/,,"Open to any student who is currently enrolled in an accredited undergraduate or graduate program anywhere in the world. This includes accredited community college students, high school seniors, and students who possess a GED who have been accepted or enrolled into an accredited program.
All eligible candidates must be in good academic standing with a minimum cumulative GPA of 2.00 or above, or international equivalent."
May 25,A Voice for Animals Contest,Varies,"K-8, High school",https://www.hennet.org/contest.php,February 2,"Must currently be enrolled in middle or high school, or be home-schooled, and less than 19 years of age
Open to all otherwise eligible students worldwide regardless of nationality, citizenship, or country of residence."
May 27,"Schwartz Injury Law Perserverance Scholarship
","$1,000","High school, Undergraduate, Graduate",https://www.schwartzinjurylaw.com/scholarship,,"Must be enrolled (or intending to enroll) at an accredited college or university within the United States
Student must be a citizen or permanent resident of the United States
Student must be 18 years of age or older
Student must have a minimum cumulative GPA of 3.0"
May 30,Jenner Law Make a Difference Scholarship,"$2,500","Undergraduate, Graduate",https://www.jennerlawfirm.com/scholarships/scholarships-make-a-difference/,January 1,"Undergraduate and graduate students from all areas of study
GPA of 3.0 or higher.
Enrolled in or accepted at an accredited college, university, or graduate school. 
U.S. citizen or otherwise authorized to attend school in the U.S."
May 30,Irene Adler Prize ,"$250-$1,000","High school, Undergraduate, Graduate",https://www.lucasaykroyd.com/scholarships,January 30,"Scholarship to a woman pursuing a degree in journalism, creative writing, or literature at a recognized post-secondary institution."
May 30,Annual Financial Empowerment Scholarship,"$2,500","Undergraduate, Graduate",https://www.bmtx.com/scholarship,January 12,"Undergraduate or graduate students
Be a citizen of the United States
Attend an accredited institution
GPA of at least 3.0"
May 31,Ramsey Education Scholarship Program,"$1,500",High school,https://www.tun.com/scholarships/ramsey-education-scholarship/,,"Must be a high school senior who has successfully completed or is taking one of the following courses:
Foundations in Economics
Foundations in Entrepreneurship
Foundations in Personal Finance
Any Foundations Homeschool curriculum"
May 31,The Space to Succeed Scholarship,"$5,000","Undergraduate, Graduate",https://thestoragecenter.com/self-storage/scholarship/,April 1,"Applicants must be 18 years or older, a legal U.S. resident, and enrolled in an accredited U.S. college or university at the time of application."
May 31,General Education and Mental Health Scholarship,"$1,500","High school, Undergraduate, Graduate",https://seasonsmalibu.com/about-seasons-in-malibu/general-education-and-mental-health-education-scholarship/,January 1,"Applicants must be currently enrolled in either High School, University or College as a full-time student. "
May 31,Trey Porter Law Scholarship,"$1,000","High school, Undergraduate, Graduate",https://www.dwilawyerstexas.com/scholarship/,,"Any student enrolled in an American or Canadian University
All programs and fields of study are welcome
Any year of study"
May 31,College Is Power (C.I.P) Scholarship,"$1,000","High school, Undergraduate, Graduate",https://www.collegeispower.com/scholarship.cfm,,Students age 17 years or older who plan to start a program of higher education within the next 12 months or who are currently enrolled in a program of higher education. Applicants may be full- or part-time students and attend a campus-based or online program. Applicants must be citizens or permanent residents of the United States.
May 31,"There’s Space for Everyone
Scholarship","$3,000","High school, Undergraduate, Graduate",https://www.extraspace.com/self-storage/scholarship/,,"Must be enrolled full-time in an accredited college or university for Fall 2026.
Must be attending an accredited college or university in the U.S.
Must be at least 16 years of age or older at the time of application.
Must be a legal resident of the U.S."
May 31,Altruism + All Good Deeds Scholarship,"$1,000","High school, Undergraduate, Graduate",https://www.parent-volunteer.org/a-a-altruism-all-good-deeds-scholarship,,"Be currently enrolled or plan to be enrolled part-time or full-time in an accredited U.S. college or university
Vocational/technical, two-year, four-year, or graduate institutions are eligible.
Be a high school junior or senior, undergraduate student, or graduate student
Have a grade point average of 2.5 or above on a 4.0 system"
May 31,Amy G Injury Firm Access to Education Scholarship,"$1,000","High school, Undergraduate, Graduate",https://amyglaw.com/2026-amy-g-injury-firm-access-to-education-scholarship/,,"Open to students currently enrolled in any accredited degree program in the United States, whether a vocational program, community college, junior college, undergraduate, or graduate school. GED holders and upcoming high school graduates attending a college-level study program are also eligible for the award.
Applicants must provide evidence of good academic standing from their current institution. Such proof will consist of a cumulative grade point average of no less than 3.0 on a 4.0 scale"
May 31,We The Future Contest,"$100-$5,000","K-8, High school, Undergraduate, Graduate",https://constitutingamerica.org/contest-categories-new/#toggle-id-5-closed,,"Open to elementary, middle school, high school, college and university students, law school and graduate school students"
May 31,SuperCollege Scholarship,"$1,000","High school, Undergraduate, Graduate",https://www.supercollege.com/scholarship/,,"Open to all students -- high school, college, grad or adult -- who are currently in college or plan to start"
May 31,J&Y “Books for Good” Scholarship,$300,"High school, Undergraduate, Graduate",https://jnylaw.com/scholarship/,,"Students at accredited colleges, trade schools, universities, and graduate schools in the United States "
May 31,John Kitt Memorial Scholarship,"$2,500",Undergraduate,https://www.aactcandy.org/awards-scholarships/john-kitt-memorial-scholarship-application/,,"College sophomore, junior, or senior status (in 2026-2027)
Attend an accredited, four-year college or university within North America
Be majoring in a food science, chemical science, biological science, or related area
Achieved a 3.0 (out of 4.0) GPA (or equivalent on another scale)
Have a demonstrated interest in confectionery technology. Your demonstrated interest in confectionery technology can include many activities including but not limited to research projects, work experience, and formal study"
June 1,Dermer Appel Ruder Scholarship,"$1,000","Undergraduate, Graduate",https://darlawllc.com/scholarship/,,"Student pursuing an undergraduate degree in pre-law studies, or a student entering law school in the Fall 2026 semester
Students must be accepted into a program at any U.S. school for Fall 2026 and have a GPA of 3.0 or above."
June 1,ACF Visionary Scholarship,Varies,High school,https://americancollegefoundation.org/college-planning-visionary-scholarship-details/,,All High School Grades Eligible
June 1,The Richard Rawle Memorial Scholarship,"$2,000","High school, Undergraduate, Graduate",https://www.checkcity.com/community-outreach/scholarship,,"Be currently enrolled in an accredited university or college in the United States
Be enrolled full-time
Have a minimum GPA of 2.5"
June 1,NursingExams.org Nursing Scholarship,"$1,000","Undergraduate, Graduate",https://nursingexams.org/nursing-scholarship/#0337,,"Should be planning on becoming a nurse.
Must be accepted at or planning to attend an accredited college or university within the United States.
Must be pursuing an undergraduate or graduate degree in a nursing field.
Continuing their studies in the upcoming academic year.
Have at least 30 semester or 45 quarter degree hours remaining."
June 1,Tobin Injury Law’s Annual Chai x 66 Scholarship Award,"$1,188","Undergraduate, Graduate",https://www.tobininjurylaw.com/scholarship-contest/,,Any student who is enrolled in an accredited undergraduate or graduate program anywhere in the United States.
June 1,Exceptional Nurse Scholarship,$250-$500,"High school, Undergraduate, Graduate",https://www.exceptionalnurse.com/scholarship.php,,"Applicants must be students with a documented disability who have applied to, or already been admitted to, a college or university program on a full-time basis."
June 2,JASNA Essay Contest,"$250-$1,000","High school, Undergraduate, Graduate",https://jasna.org/programs/essay-contest/,February 1,"High School: students and home-schooled students enrolled at the high school level during the contest year
College/University: students enrolled in at least six credit hours of course work at a junior college, college, or university during the contest year
Graduate School: students enrolled during the contest year in at least three credit hours of graduate course work at a college or university leading to an advanced degree "
June 3,Stuck At Prom Scholarship,"$500-$10,000",High school,https://www.duckbrand.com/stuck-at-prom,March 25,"Be at least 14 years of age.
Be enrolled in high school or home school association (at the high-school level)
Be a legal resident of the United States and the District of Columbus (excluding Maryland, Colorado, Vermont, Nebraska and North Dakota) or a legal resident of Canada (excluding the Province of Quebec)"
June 4,Ellevation Education Scholarship,"$2,000",High school,https://scholarshipamerica.org/scholarship/ellevationeducation/,April 30,"Be a high school senior who has been enrolled as an English Language Learner (ELL) at some point during their K-12 education.
Plan to enroll in full-time undergraduate study at an accredited two- or four- year college, university or vocational-technical school"
June 8,Burress Injury Law Scholarship,"$2,500-$5,000","High school, Undergraduate",https://www.mytexasfirm.com/scholarship,,"You are a U.S. citizen
You are enrolled in an undergraduate program at an accredited U.S. college or university for the Fall 2026 semester
High school graduates may apply if you are enrolled in college for the semester immediately following the application deadline"
June 8,Ocean Awareness Contest,"Up to $1,500","K-8, High school",https://bowseat.org/programs/ocean-awareness-contest/contest-overview/,,Students ages 11-18 from around the world are invited to participate in the Ocean Awareness Contest. 
June 10,Ortho Dermatologics ASPIRE HIGHER Scholarships,"Up to $10,000","High school, Undergraduate, Graduate",https://aspirehigherscholarships.smapply.net/prog/aspire_higher_scholarships/,March 13,"United States citizen residing in the United States who,  have been accepted to, or are currently or will be attending an accredited, two- or four-year college, university, or an advanced (post-high school) vocational or technical school to earn an undergraduate or graduate degree
Have been diagnosed with a dermatologic condition, at some point were under the care of a licensed dermatologist, physician assistant, or nurse practitioner working in a dermatology practice."
June 15,The Max McElhaney Memorial Educational Scholarship,"$3,000",High school,https://www.rockylawfirm.com/max-mcelhaney-memorial-educational-scholarship/,,"Open to high school senior that plans to enroll in a 4-year program at a public or private college or university
Eligible student must be enrolled as a full-time student during the fall semester in which the award is paid"
June 15,The Leon Harris Road to Recovery Scholarship,"$1,000",Undergraduate,https://leonharrisscholarship.com/leon-harris-scholarship/,,"Must be an undergraduate student in the United States.
Applicants should have completed, or currently be on, a recovery program and be pursuing higher education as the next step forward."
June 15,Marcus W. Viles Community Growth Scholarship,"$2,500","High school, Undergraduate, Graduate",https://www.vilesandbeckman.com/about-us/community-growth-scholarship/,,"Attend or be accepted to attend an accredited college, university, or graduate school in the United States
Have a GPA of at least 3.0
Have legal residency or citizenship in the U.S."
June 15,Horatio Alger: Career & Technical Scholarships,"Up to $2,500",High school,https://horatioalger.org/career-technical-education-scholarships/,March 15,"Have completed high school (or equivalency) by July 1
Plan to attend a not-for-profit community college or trade/vocational school
Enroll in an associate’s degree, certificate, or diploma program by September that will lead to employment
May not be enrolled in pre-requisite courses
Demonstrate financial need (applicants must show household income of $100,000 or less)
Be under the age of 35
Be a United States citizen"
June 15,The Sandi Fuqua Scholarship,"$2,500","High school, Undergraduate, Graduate",https://whitleylawfirm.com/about/scholarship/,,"Applicant must be enrolled or accepted at an accredited college, university, or graduate school
Applicant must be at least 18 years old at the age of enrollment
Applicant must have residency in the United States
Applicant must pursue their secondary education in the United States"
June 15,Berger and Green Heart Disease Scholarship,"$1,000","High school, Undergraduate, Graduate",https://www.bergerandgreen.com/about/scholarships/heart-disease-scholarship/,,"You have been diagnosed with heart disease or a congenital heart defect.
You are enrolled in or have been accepted to an accredited college or university or graduate school in the U.S.
You carry at least a 3.0 GPA."
June 15,GoFoodservice Scholarship,$500,"High school, Undergraduate, Graduate",https://www.gofoodservice.com/scholarship?kclt=b79f5dc3a4e04e4e97977fff1dce0fef,,"Open to high school seniors who plan to enroll in college at the start of the next school year, or all students who are currently enrolled in a Culinary Arts or Hospitality Management program."
June 16,The WIA Foundation Scholarship,"$5,000",Undergraduate,https://www.womeninaerospacefoundation.org/foundation/,,"To be eligible for the WIA Foundation Scholarship:
Must be interested in pursuing a career in the aerospace field and be a rising junior or senior working towards a bachelor’s degree in engineering, math or science
Must have completed at least two and a half academic years of full-time college work at the time of application and must be currently enrolled in an accredited college or university in the United States or its territories, and plan to be enrolled in the subsequent academic year
Must have a college grade point average of at least 3.0 on a 4.0 scale. Applicants must identify as female and be a U.S. citizen or Lawful Permanent Resident"
June 20,Innovation in Education Scholarship,$500,"High school, Undergraduate, Graduate",https://www.latutors123.com/scholarships/innovation-in-education/,,"Must currently be enrolled as a high school, college/university, or graduate student.
Must have a cumulative GPA of at least 3.0 (or the equivalent)."
June 24,Newland & Newland Single Parent Scholarship,"$1,000","Undergraduate, Graduate",https://www.newlandlaw.com/newland-and-newland-about-our-firm/scholarship,,"Must be enrolled in an accredited college, university, or law school for the Fall 2026 semester
Must be pursuing a paralegal, legal assistant, or pre-law program.
Must have a minimum GPA of 2.0
Must be a citizen or permanent resident of the United States"
June 24,Adult Learners Scholarship,"$4,000","Undergraduate, Graduate",https://www.educations.com/scholarships/adult-learners-scholarship,,"Adults over 25 years old who are pursuing undergraduate, graduate, or post-graduate studies"
June 25,Young Filmakers Contest,"$100-1,000","K-8, High school",https://www.oneearthfilmfest.org/contest-details,,"Open to students from grade 3 through university and above, based on the student’s grade level (through age 25)"
June 26,Navigate Your Future Scholarship,"$2,500",High school,https://www.nata.aero/scholarships/navigate-your-future-scholarship,,"Be a senior in high school, planning a career in the general aviation field
Be enrolled or accepted into an aviation-related program at an accredited college or university"
June 29,The Crowder Law Firm Scholarship,"$1,000","High school, Undergraduate, Graduate",https://www.crowdercriminalfirm.com/scholarship,,"Enrolled (or intending to enroll) at an accredited university or college for the Fall semester
Are 18 years of age or older upon date of application submission
Hold citizenship or permanent residency in the United States
Maintain a grade point average of 3.6 or higher"
June 30,Rose Pak Memorial Scholarship,,Undergraduate,https://www.rosepakcommunityfund.org/scholarship,April 1,"Target students of Asian and Pacific Islander Origin*
Incoming Freshman, Sophomore, Junior, or Senior at a four-year university in 2026 - 2027
Student’s permanent residence must be in one of nine San Francisco Bay Area County**
No Major requirements, but students must be able to demonstrate strong leadership qualities and commitment to serve their community."
June 30,Women in STEM Scholarship,"$10,000","High school, Undergraduate",https://www.tun.com/scholarships/the-hyundai-women-in-stem-scholarship/,,"High school seniors and college undergraduates who identify as female, reside in the United States, and wish to pursue a STEM-related field of education."
June 30,Supporting STEM Scholarship,"$1,000","High school, Undergraduate",https://hoshizakiicemaker.com/stem-scholarship,,"Be an undergraduate college student or high school senior
Have a cumulative minimum of 3.0 GPA
Maintain full-time enrollment of 12 credit hours or more per college term
Be a declared major in a science, technology, engineering, or mathematic field of study
Demonstrate passion for STEM subjects, strong moral character, and leadership ability
Reside in the U.S. attend a U.S. university, and be legally declared as a U.S. citizen"
June 30,Delete Cyberbullying Mental Health Awareness Scholarship,"$1,000","High school, Undergraduate, Graduate",https://www.endcyberbullying.net/scholarship-mental-health,,"To apply, you must be a high school student (9th-12th grader), college student or graduate student attending or planning to enter an accredited U.S. college or university."
June 30,Ron Hubbard Writers of The Future Contest,"$500, $750, $1,000","High school, Undergraduate, Graduate",https://www.writersofthefuture.com/enter-writer-contest/,April 1,New writers of science fiction and fantasy
June 30,Ron Hubbard Illustrators of The Future Contest,$500,"High school, Undergraduate, Graduate",https://writersofthefuture.com/enter-the-illustrator-contest/,April 1,New science fiction and fantasy artists
June 30,Digital Privacy Scholarship,"$1,000","High school, Undergraduate, Graduate",http://www.digitalresponsibility.org/digital-privacy-scholarship/,,"You must be a high school freshman, sophomore, junior, or senior or a current or entering college or graduate school student of any level.
Home schooled students are also eligible. 
There is no age limit. 
You must also be a U.S. citizen or legal resident."
June 30,Cashtelligent Financial Literacy Scholarship,"$1,000","High school, Undergraduate, Graduate",https://www.cashtelligent.com/scholarship/,,"Applicants must be high school or college students, graduate school students, adult students or parents of a student enrolled or planning to enroll in any accredited college in the U.S. There are no requirements for field of study."
June 30,CIA Undergraduate Scholarship,"Up to $18,000-$25,000","Undergraduate, Graduate",https://www.cia.gov/careers/student-programs/undergraduate-scholarship-program/,March 1,"Maintain competitive GPA (minimum 3.0 on a 4.0 scale)
Remain in full-time status as a student while in the program (min. 12 credit hours for undergraduate programs and 9 credit hours for graduate programs)"
June 30,"MyBioSource Inc. Scholarship for ""S.T.E.M."" Majors","$1,000","High school, Undergraduate, Graduate",https://www.mybiosource.com/scholarship-stem-majors,,"High School Seniors, Undergraduates, Graduates as well as international students can apply
Candidate must be enrolled as a freshman, undergraduate or graduate student at an accredited college or university for the 2026 Fall semester
Intended major in Science, Technology, Engineering, Mathematics or related fields"
June 30,MyBioSource Inc. Scholarship for All Majors,"$1,000","High school, Undergraduate, Graduate",https://www.mybiosource.com/scholarship_all_majors,,"High School Seniors, Undergraduates, Graduates as well as international students for all majors can apply
Candidate must be enrolled as a freshman, undergraduate or graduate student
An accredited college or university for the 2026 Fall semester"
June 30,"National High School Poetry Contest
",$100-$500,High school,https://www.highschoolpoetrycontest.com/to-enter.html,,All U.S. high school students are eligible to enter this contest. 
June 30,Regions Riding Forward Scholarship Contest,"$8,000","High school, Undergraduate",https://www.regions.com/about-regions/inclusion-belonging-impact/supporting-communities/essay-contest-scholarship,April 1,"Be a legal U.S. resident of one of the Eligible States: Alabama, Arkansas, Florida, Georgia, Iowa, Illinois, Indiana, Kentucky, Louisiana, Mississippi, Missouri, North Carolina, South Carolina, Tennessee and Texas
Be age 16 or older.
Have at least one (1) year (or at least 18 semester hours) remaining before your undergraduate college graduation.
If you are not yet in college, begin your freshman year of college no later than the start of the 2027 – 2028 college academic school year.
As of your most recent school enrollment period, have a cumulative grade point average of at least 2.0 in school (and if no GPA is provided at school, be in “good standing” or the equivalent thereof in school)."
June 30,Community Impact Scholarship,"$2,500","High school, Undergraduate",https://888gothurt.com/scholarships/,,"Applicant must be enrolled in or accepted at an accredited United States college or university
Applicant must be at least 18 years old at the age of enrollment
Applicant must have residency in the United States"
June 30,"Sterling Lawyers, LLC Annual College Scholarship","$1,000","High school, Undergraduate, Graduate",https://www.sterlinglawyers.com/scholarship/,,"Must be a resident of the United States.
Must be enrolled full-time at an accredited four or two-year college or trade school.
Students must hold a minimum GPA of 3.0."
June 30,Good Lawyers / Good People Scholarship,"$1,000","Undergraduate, Graduate",https://www.simeonemiller.com/scholarship/,May 15,Currently enrolled or accepted as an undergraduate or law student
June 30,Adam Ferrari Health Science Scholarship,"$20,000","High school, Undergraduate",https://www.theferrarifoundation.org/apply-,February 3,Applicants must be students who will begin their first year of full-time college enrollment in a health science program committed to providing exceptional care for individuals with physical disabilities
June 30,College JumpStart Gratitude Scholarship,"$1,000","High school, Undergraduate, Graduate",https://www.jumpstart-scholarship.net/application-gratitude-scholarship,,"Current student (high school 10th-12th or college) or planning to enter college within the next 12 months
U.S. citizen or legal resident"
June 30,The Home Depot Foundation Path to Pro Scholarship,"$2,500","High school, Undergraduate",https://webportalapp.com/sp/login/skillpointefoundation_homedepot-pathtopro,,"Be a high school senior, high school graduate or have a GED equivalent.
Plan to enroll, or be enrolled within 1 year, in an approved trade-related program at an accredited two-year school or institution (i.e. technical/vocational school, community college or training center) in the United States.
Programs/Career Paths: Carpentry, Construction Management, Electrical, HVAC, Plumbing."
June 30,Danny Gutierrez Scholarship,Varies,"Undergraduate, Graduate",https://nhcfae.org/danny-gutierrez-scholarship/,,"Major field of study must be in Engineering/Technical (ONLY)
Must be a US Citizen or a permanent resident residing in the United States or Puerto Rico.
Current DACA (Deferred Action for Childhood Arrivals) recipients
Applicants must be accepted or attending an accredited college, university, or vocational/trade school at the time the scholarship is awarded."
June 30,Courage To Grow Scholarship,$500,"High school, Undergraduate, Graduate",https://couragetogrowscholarship.com/?kclt=8a84db160cef4687bd5145f93ab9d923,,You must be a junior or senior in high school or college student with a minimum GPA of 2.5 or better. U.S. citizens only
June 30,J&Y “Books for Good” Scholarship,$300,"High school, Undergraduate, Graduate",https://jnylaw.com/scholarship/,,"Students at accredited colleges, trade schools, universities, and graduate schools in the United States "
June 30,AX Control Scholarships,"$1,000",Undergraduate,https://www.axcontrol.com/scholarship,,"Open to legal residents of the United States who are at least 18 years of age or older, enrolled at least part-time at an accredited college or university
Undergrad students only may apply."
June 30,Esperanza Education Fund,"Up to $10,000",High school,https://www.esperanzafund.org/scholarship,,"Must have been born outside the U.S. OR have two parents who were born outside the U.S.
Must be a graduating senior at a high school in DC, MD, or VA, ​OR have graduated high school within three (3) years and not yet started college and reside in DC, MD, or VA, OR have earned a GED within the last three (3) years and reside in DC, MD, or VA.
Must plan to enroll full-time at one of the following in DC, MD, or VA: An accredited community college to pursue an Associate’s Degree OR An accredited college/university to pursue a Bachelor’s Degree
Must have had a household income that is not more than the following (see website)"
June 30,Alan and Mary Jo Lincoln Scholarship,"$1,000",High school,https://riversidesalesgroup.com/scholarship/,,"African American HS Senior graduating in 2026
Have at least a 2.5 cumulative GPA
Be involved in school activities and community service
Plan to enroll as a full-time student at a College/University, or trade school during Fall 2026"
July 1,ABC Humane Wildlife Women In STEM Academic Scholarship,"$1,000","Undergraduate, Graduate",https://abcwildlife.com/about-us/women-in-stem-scholarship/,,"Applicant must be a student currently enrolled at a college or university recognized by the U.S. Department of Education in the United States
Applicants must be studying or planning to study the fields of science (excluding social sciences i.e. economics), engineering, mathematics, or technology"
July 1,Do It For Donny Scholarship,Varies,"Undergraduate, Graduate",https://charitysmith.org/donovan-kayne-lujan-memorial-fund/,May 1,"Must be enrolled in an accredited college or university program related to the mental health industry.
Undergraduate student in junior or senior years or post graduate student.
School must be located in the United States.
Grade point average for the previous semester must be a minimum of 3.0.
Must demonstrate a strong desire to make a difference in the mental health community."
July 1,JMJ Phillip Group College Scholarship,"$1,000","High school, Undergraduate, Graduate",https://jmjphillip.com/jmj-phillip-stem-scholarship/,,"High school students who have been accepted to college and students who are currently enrolled in a college or university are eligible to apply for the JMJ Phillip Group college scholarship program. 
Students must be currently enrolled in a U.S.-based high school or college. Students graduating from high school must plan to attend college during the fall semester in the same year as the application.
Eligible colleges include two-year and four-year universities in the United States.
Students who apply must have a minimum GPA of 3.6. Current (unofficial) transcripts must be sent with the application."
July 1,KB Delta Scholarships,"$1,000","Undergraduate, Graduate",https://kbdelta.com/scholarship.html,,Any student currently enrolled in any accredited college is eligible to enter
July 1,"Smith, Born, Leventis, Taylor & Vega Scholarship","$1,500","Undergraduate, Graduate",https://www.sbltv.law/scholarship/,May 1,Students currently enrolled in a U.S. college or university.
July 1,The Karen Randall McClain Memorial Scholarship,$500,"High school, Undergraduate, Graduate",https://www.karen-randall-mcclain-memorial.com/scholarship/,,"Must be African American
Graduate of Pittsburgh Public Schools
Currently enrolled in an HBCU
May only win once per calendar year"
July 8,Conflict Conquerer Scholarship,"$1,000",High school,https://www.bihmfirm.com/scholarship,,"Be enrolled in an accredited college or university within the United States
Be an incoming freshman for the Fall 2026 semester
Have achieved a 3.5 grade point average or higher
Be a citizen or permanent resident of one of the 50 United States
Be at least 17 years of age"
July 9,Face the Future Scholarship,"$1,000-$10,000","High school, Undergraduate, Graduate",https://hellobubble.com/pages/community-scholarship-page?srsltid=AfmBOoqlyz7KNdVDEtjfOQZnDuYqfrjWVc7P3zuS4QEzT5Q4uaHKWkG1,,"Applicants must be 18+ 
Applicants must be current or prospective students based in US, UK, or Canada college or Trade/alternate schooling students
Students enrolled in part-time, online, trade, or vocational programs are all welcome to apply"
July 9,Study a Bachelor’s in the USA Scholarship,"$5,000","High school, Undergraduate",https://www.educations.com/scholarships/study-a-bachelors-in-usa-19901,,"You must have applied (or will apply) to a college or university in the USA.
You must have applied (or will apply) for a Bachelor's level degree starting in Fall 2026.
The degree program must be studied either on campus or online via distance learning from an institute based in the USA.
You do not hold US citizenship.
You do not currently live in the USA unless you are there for study purposes only."
July 10,Maple Flooring Manufacturers Association (MFMA) Scholarship,"$1,000","High school, Undergraduate, Graduate",https://www.maplefloor.org/en/guidelines/,,"Acceptance letter from a college, university, or trade school indicating specific field of study (Architecture, Forestry, Wood Science, Vocational programs for the wood flooring industry)"
July 13,TYLENOL® Future Care Scholarship,"$5,000-10,000","Undergraduate, Graduate",https://www.tylenol.com/news/scholarship,May 1,"Be a resident of the 50 United States, Puerto Rico, or the District of Columbia.
Be a graduate student or be a college senior who will be enrolling in graduate school during the 2026-27 academic year.
Provide proof of enrollment to a graduate program in medical school, nursing, and/or pharmacy located in the 50 United States, Puerto Rico or the District of Columbia.
Have one or more years of school remaining."
July 16,Pedro Zamora Young Leaders Scholarship,"$5,000","High school, Undergraduate",https://www.aidsmemorial.org/pedro-zamora-scholarship,March 1,Open to current or incoming undergraduate students (ages 27 and younger) enrolled in a U.S. community college or four-year university who are working toward and committed to making a difference in the fight against HIV/AIDS and/or advancing health equity and social justice with a sense of urgency
July 20,Joy Cappel Scholarship,"$2,500","High school, Undergraduate, Graduate",https://www.rockland.com/joy-cappel-scholarship/?srsltid=AfmBOoqBGrWtGb0S2aZ9VXuVxHh4o3BPuEwCVg8uSYSEhnlfTU6hrvzu,,"Must be a high school senior, undergraduate, or graduate student currently accepted or enrolled at a college or university in the United States for the upcoming fall or spring term
Intended major must be in Life Sciences or a related field"
July 20,Innovation in Education Scholarship,$500,"High school, Undergraduate, Graduate",https://www.latutors123.com/scholarships/innovation-in-education/,,"Must currently be enrolled as a high school, college/university, or graduate student.
Must have a cumulative GPA of at least 3.0 (or the equivalent)."
July 22,The Ruben Lancaster & Maryann Lancaster Thompson Scholarship,"$1,000","High school, Undergraduate, Graduate",https://www.lancasterfamilyheritage.org/scholarship,,"Any family or community member, who plans to attend or is presently attending a two-year or four-year academic institution. The scholarship is also available to those who attend a trade school or seek training in a specified field."
July 23,The Phyliss J. McCarthy Scholarship for Excellence in Writing,"$1,000",High school,https://www.learncurious.com/scholarship,February 20,"For high school juniors and seniors
US and international students may apply"
July 25,The “First Step” to Distraction-Free Driving Scholarship,"$1,500","High school, Undergraduate, Graduate",https://www.sutliffstout.com/scholarship/,,"Applicants must be EITHER out-going high school seniors and entering a college, trade school, or university OR students currently enrolled in a college, trade school, or university"
July 29,Elite Lawyer: Against All Odds Scholarship,"$1,000",Undergraduate,https://www.elitelawyer.com/elite-lawyer-scholarship,,"You have a current GPA of at least 3.0
You are currently enrolled in an undergraduate program at an accredited U.S. college or university
Your education will continue through at least the Fall 2026 semester
You are a U.S. citizen and at least 18 years old"
July 30,"Bachus & Schanker, LLC Scholarship","$2,000","High school, Undergraduate",https://www.coloradolaw.net/scholarship/,,"Any high school senior accepted to attend a four-year university by the time of the award, or full time student attending a four-year university in the United States who carries a 3.0 cumulative GPA may apply"
July 31,Labroots Undergraduate Back-to-School Scholarship,"$1,000",Undergraduate,https://www.labroots.com/scholarships/details/33,June 1,"Applicants must be enrolled or accepted for an undergraduate degree (BA/BS) for the 26/27 academic year at a recognized institution.
The degree program/research area must be in a Science, Technology, Engineering, or Mathematics field.
Open worldwide"
July 31,Spirit of Giving Scholarship,"$1,000","High school, Undergraduate, Graduate",https://www.winecountrygiftbaskets.com/information/scholarship.asp,October 1,"High school seniors and current college students planning to attend college or another form of post-secondary education for the full school year following the submission period are eligible to apply. Eligible institutions include but are not limited to four-year universities, community colleges, institutes of technology and accredited credential or certificate programs."
July 31,"Minecraft Scholarship
","$2,000","High school, Undergraduate, Graduate",https://apexminecrafthosting.com/minecraft-scholarship/,,"You must be a United States citizen
You must currently be enrolled in college or high school.
You must carry a 3.0 or higher GPA."
July 31,Gen and Kelly Tanabe Scholarship,"$1,000","High school, Undergraduate, Graduate",https://www.genkellyscholarship.com/,January 1,"9th-12th grade high school, college, or graduate student including adult students."
July 31,American Graphics Institute Scholarship,"$1,000","High school, Undergraduate, Graduate",https://www.agitraining.com/scholarships,,"Must currently be enrolled or scheduled to enroll in a degree-granting program at any accredited two or four year college or university located in the United States 
Must be a legal resident of the United States or hold a valid student visa"
July 31,Ayd Rand: Anthem Essay Contest,"$2,000","K-8, High school",https://aynrand.org/students/essay-contests/anthem,,Open to all students in 8th through 12th grade
July 31,Ayd Rand: The Fountainhead Essay Contest,"Up to $25,000","K-8, High school",https://aynrand.org/students/essay-contests/the-fountainhead,,Open to all students in 8th through 12th grade
July 31,Ayd Rand: Atlas Shrugged Essay Contest,"Up to $25,000","High school, Undergraduate, Graduate",https://aynrand.org/students/essay-contests/atlas-shrugged,,Open to all students in 9th grade through graduate school
July 31,J&Y “Books for Good” Scholarship,$300,"High school, Undergraduate, Graduate",https://jnylaw.com/scholarship/,,"Students at accredited colleges, trade schools, universities, and graduate schools in the United States "
July 31,Jet Future Business Leaders Scholarship,"$1,000","High school, Undergraduate, Graduate",https://jetsurety.com/scholarship,,"
Open to all United States citizens/residents"
August 1,Military Dependent Scholarship,$500,"High school, Undergraduate",https://www.bhwlawfirm.com/military-dependent-scholarship/?fbclid=IwAR1DeoJtcZLG--8SNrN2dCPcqpDQuRCvY6-alWmBdT_tRZ0vnWSS4Ue9Vj4,,Military dependents that are high school seniors or any year in college are eligible to apply for this scholarship.
August 1,Michael Moody Scholarship,"$1,500","High school, Undergraduate, Graduate",http://www.michaelmoodyfitness.com/student-scholarship-chicago,August 1,"High school senior, undergraduate, or graduate student 
U.S. citizen or legal resident in the 50 states, Washington, D.C., or Puerto Rico
Pursuing a career in the health and fitness related fields"
August 1,Live Deliberately Essay Contest,Up to $500,"K-8, High school",https://www.walden.org/education/essay-contest/,,Contest is open to youth ages 14-18 around the globe
August 1,Future Educator Scholarship,"$1,000","High school, Undergraduate, Graduate",https://www.mrsprindables.com/news/education-scholarship/,,Incoming or current college students majoring in education
August 5,Community Impact Scholarship,"$2,500",Undergraduate,https://www.dfwinjurylawyer.com/scholarship,,"Have a cumulative grade point average of 3.5 or higher
Be an undergraduate student at an accredited college or university
Be a citizen or permanent resident of the United States
Be at least 18 years of age when you submit your application."
August 5,Working Student Scholarship,"$1,000","High school, Undergraduate",https://www.mallonsnyderlaw.com/scholarship,,"You are partially or fully paying for your own college education
You are enrolled or planning to enroll in an undergraduate program within the United States for the Fall 2026 semester
You are at least 17 years of age
You are a resident or permanent citizen of the United States"
August 10,The Blossom Law Caregiver Scholarship,"$1,000","Undergraduate, Graduate",https://www.blossomlaw.com/scholarship,,"You are at least 18 years of age
You are enrolled as an undergraduate or graduate student at an accredited college or university
You are a citizen or permanent resident of the United States
You earned a 3.0 grade point average or higher in your most recently completed semester"
August 10,Fawell & Fawell Out-of-State Student Scholarship,"$1,000",Undergraduate,https://www.fawelllaw.com/scholarship,,"Be enrolled in or have been accepted to a college or university that is located in a state where they did not attend high school or a state other than where their parents currently live.
Must be in their freshman, sophomore, or junior year of an undergraduate degree.
Must be pursuing an education related to law.
Have a GPA of 3.5 or higher as of the most recent academic semester they have completed.
Be above the age of 17.
Be a U.S. citizen or a lawful permanent resident."
August 15,Race Entry Student Scholarship,$500,"High school, Undergraduate, Graduate",https://www.raceentry.com/race-to-inspire-scholarship,January 1,Students of all disciplines who pursue self-improvement and enhanced health through race preparation and participation must be able to verify enrollment for college at an accredited university inside the USA
August 15,Calvin L. Carrithers Aviation Scholarship,"$1,000","Undergraduate, Graduate",https://www.globalair.com/scholarships/?kclt=573c3b3257144b4b898d431705a06a19,March 1,"Must be a U.S. citizen currently enrolled full-time in an accredited university aviation program — Commercial Aviation, Professional Pilot, Aviation Management, or similar."
August 15,Health & Wellness Scholarship,$500,"High school, Undergraduate, Graduate",https://supplementrelief.com/scholarship/?fbclid=IwAR36E9ddQPrumcuQcm9i0gI2bx--xJXBCeJIsTqUBjR5t6ttYMZ0fR_ErqY,,Age of 18 and enrolled in a full-time graduate or undergrad program in the United States or Canada at an accredited learning institution
August 15,Sharma Law Associates Scholarship,"$1,000","Undergraduate, Graduate",https://www.sharmalawassociates.com/scholarship-application,,"Be a U.S. citizen or have legal authorization to work in the United States.
Provide proof of acceptance into an accredited undergraduate program in pre-law or a related field, or proof of acceptance and enrollment in an accredited U.S. law school for the Fall 2026 semester.
Maintain a minimum cumulative GPA of 3.0 at the undergraduate level."
August 20,Innovation in Education Scholarship,$500,"High school, Undergraduate, Graduate",https://www.latutors123.com/scholarships/innovation-in-education/,,"Must currently be enrolled as a high school, college/university, or graduate student.
Must have a cumulative GPA of at least 3.0 (or the equivalent)."
August 21,Probo Medical Scholarship,$500,"High school, Undergraduate",https://www.probomedical.com/probo-medical-scholarship/,,"Must be enrolled at an accredited high school, college or university in the United States
Must be either in your final year of high school or enrolled at the undergraduate level in “good standing”
Must be age 16 or older
Must be attending a U.S.-based institution
Must maintain a cumulative grade point average (GPA) of 3.0 or higher (or equivalent)"
August 21,Injury Scholarship,"$1,000","High school, Undergraduate",https://harrispersonalinjury.com/injury-scholarship/,,"Applicant must be currently enrolled in an accredited high school, college, or university in the US.
Applicant must be enrolled as either an undergraduate or in their final year of high school.
Applicant must be at least 17 years of age."
August 31,The Healing Journey Scholarship,"$2,500","Undergraduate, Graduate",https://www.injuredinflorida.com/scholarship/,,"Undergraduate or graduate student who’s received a life-changing medical diagnosis
Applicant must be at least 18 years old at the age of enrollment
Applicant must have residency in the United States
"
August 31,Gravitate Scholarship,"$2,500","High school, Undergraduate, Graduate",https://siniardlaw.com/2026-gravitate-scholarship/,,"The Gravitate Scholarship is open to students currently enrolled in a vocational program or attending a two- to four-year accredited college or university. Eligible applicants include high school seniors, vocational students, undergraduate students, and graduate students who are legal residents of the United States and live in one of the 50 states or the District of Columbia.
Applicants must have a cumulative GPA of 3.0 or above and be in good academic standing at their current educational institution."
August 31,The Devadoss Law Firm Civil Rights Scholarship,"$1,000","Undergraduate, Graduate",https://www.fedemploymentlaw.com/the-devadoss-law-firm-civil-rights-scholarship/,,"Must be a current or aspiring law student
Must be a citizen or permanent resident of the United States
Must be enrolled at an accredited college or university within the United States as an undergraduate or graduate student
Must be at least 17 years of age"
August 31,Driver Education Initiative Award – Annual Scholarship Opportunity,$500,"High school, Undergraduate, Graduate",https://www.dmvedu.org/scholarship/,May 1,"Applicants must be currently enrolled in either High School, University or College
Open to all students in U.S., Canada, and abroad."
August 31,The Achieve Today Scholarship Fund,"$1,000","Undergraduate, Graduate",https://www.achievetoday.com/scholarships,,Applicants must be 18 years of age or older and a current student of an accredited US university or college
August 31,RealtyHop Scholarship,"$2,000","High school, Undergraduate",https://www.realtyhop.com/resources/scholarship,,"Must be a current student in an eligible undergraduate program or a graduating high school senior in the U.S., working towards a bachelor’s degree or associate’s degree"
August 31,Summit Physical Therapy Scholarship,$500,"High school, Undergraduate, Graduate",https://physicaltherapyfairbanks.com/physical_therapy_fairbanks.php,,"Be attending college or university on a full-time basis
Have achieved a GPA of 3.0 or greater during their last academic year.
Be a U.S. or Canadian resident."
August 31,Florida Rentals Annual Dream Vacation Scholarship,"$1,000","High school, Undergraduate, Graduate",https://www.floridarentals.com/dream-vacation-scholarship/,September 1,Full-time students over the age of 18 currently accepted to or enrolled at a college or university.
August 31,MoolahSPOT Scholarship,"$1,000","High school, Undergraduate, Graduate",http://www.moolahspot.com/scholarship/index.cfm,,"Any student at least 16 years or older who plans to attend, or is currently attending, college or graduate school
Students may be of any nationality and reside in any country
Students may study any major or plan to enter any career field at any accredited college or graduate school
Although applicants can be from any country, all applications must be completed in English."
August 31,All Star Verified Scholarship,"$1,000","High school, Undergraduate, Graduate",https://www.verifiedscholarships.com/scholarship-program/,May 1,"This scholarship is open to high school, college, graduate, or adult students and parents of high school and college students."
August 31,RentHop's College and University Scholarship Program,"$1,000","High school, Undergraduate",https://www.renthop.com/resources/college-scholarship,,"Must be a current student in an eligible undergraduate program or a graduating high school senior, working towards a bachelors degree or associates degree"
August 31,J&Y “Books for Good” Scholarship,$300,"High school, Undergraduate, Graduate",https://jnylaw.com/scholarship/,,"Students at accredited colleges, trade schools, universities, and graduate schools in the United States "
September 1,The Clarence & Barbara Taliaferro Scholarship Program,"$1,000",High school,https://www.darryltaliaferro.org/the-clarence-barbara-taliaferro-scholarship-program/,,"Applicants must have a cumulative grade point average of 2.5 or higher on a 4.0 scale
Be a high school senior who has applied to and enrolled in a full time course of study at an accredited four-year college or university
Be a college freshman, sophomore or junior currently enrolled in a full time course of study at an accredited four-year college or university
Be a community college student who has enrolled in a full time course of study
Must demonstrate financial need according to the Free Application for Federal Student Aid Form (FASFA) and the Student Aid Report (SAR) form."
September 1,NAJA Scholarship,Varies,Graduate,https://www.najanet.org/naja-scholarship,September 1,"Working or planning to work directly with children.
Pursuing graduate level studies for one (1) year in fields which address the special needs of children and youth; this includes, but is not limited to, Counseling, Psychology, Mental Health, Special Education, Speech Pathology, Exceptional Children, Remedial Skills Development, Hearing Impaired, and Gifted & Talented. Scholarships are not awarded for graduate work in administration or general education.
A U.S. citizen and a permanent resident of a state with a Junior Auxiliary Chapter: Alabama, Arkansas, Florida, Louisiana, Mississippi, Missouri, and Tennessee.
Planning to attend a U.S. college or university for full-time or part-time study."
September 1,Netfloor USA Access Flooring College Scholarship,"$1,000","High school, Undergraduate, Graduate",https://www.netfloorusa.com/scholarship/netfloor-usa-access-flooring-college-scholarship,,"Any legal U.S. resident at least seventeen (17) years old who meets one of the following criteria:
Currently attending attending high school and will be attending an accredited university or college in the next academic year
Currently attending an accredited university or college (undergraduate and graduate students are both eligible)
Must have a cumulative GPA of at least 3.0 (or equivalent)"
September 1,The Andrew S. Mathers Scholarship,"$1,000","High school, Undergraduate",https://andrewmatherslaw.com/andrew-s-mathers-scholarship/,,High school students and college students 
September 7,Rising Stars Scholarship,"$1,000",Undergraduate,https://www.knoxvillecriminaldefenselaw.com/scholarship,,"Have been attending an undergraduate program for at least one year
Have improved their GPA by at least one point at any time while attending college
Are a citizen or lawful permanent resident of the United States
Are at least 17 years old"
September 9,Supporting Prisoners’ Families Scholarship,"$1,000","Undergraduate, Graduate",https://www.pullanyoung.com/scholarship,,"Applicants must have a parent or family member who has been incarcerated
Applicants must be enrolled in or accepted into an accredited college or university within the United States
Applicants must be pursuing an undergraduate or graduate degree
Applicants must be 18 years of age or older at the time of application"
September 10,Love your Career Scholarship,"$1,000","High school, Undergraduate, Graduate",https://www.jonestshirts.com/pages/scholarship,,Any student who will be enrolled in a college or University. This scholarship is limited to students attending school in the 50 U.S. states.
September 14,Goostree Law Group Bright Futures Scholarship,"$1,000","Undergraduate, Graduate",https://www.familydivorcelaw.com/scholarship,,"You have a need for financial assistance, with an annual household income of less than $75,000
You achieved a 3.0 GPA or higher in your most recently completed academic semester
You are a citizen or permanent resident of the United States.
You are enrolled at an accredited college or university"
September 15,Headway's Book Lovers Scholarship,"$1,500","High school, Undergraduate, Graduate",https://makeheadway.com/scholarship/,April 15,"Citizens of the United States;
At least 16 years old;
Final year of high school, secondary school, (upper) secondary school graduates, current college/university undergraduates, or graduate students;
Have a high school cumulative GPA of 3.0 or higher;
Enrolled in full-time undergraduate or graduate study at an accredited college, university, or vocational-technical school within the United States for the entire academic year in which the Scholarship is awarded."
September 15,The Gates Scholarship,Full cost of attendence,High school,https://www.thegatesscholarship.org/scholarship/,July 15,"A high school senior planning to enroll full-time, in a four-year degree program, at a US accredited, not-for-profit, private or public college or university
Pell-eligible
A US citizen or permanent resident
In good academic standing with a minimum cumulative weighted GPA of 3.3 on a 4.0 scale (or equivalent)"
September 15,May Firm Injury Scholarship,"$1,000","Undergraduate, Graduate",https://mayfirm.com/scholarship/,,Open to students at any accredited community college or university across the country
September 15,Go Skills Scholarship,"$2,000","K-8, High school, Undergraduate, Graduate",https://www.goskills.com/scholarship,,Young women with a business idea or a newly launched business
September 20,Innovation in Education Scholarship,$500,"High school, Undergraduate, Graduate",https://www.latutors123.com/scholarships/innovation-in-education/,,"Must currently be enrolled as a high school, college/university, or graduate student.
Must have a cumulative GPA of at least 3.0 (or the equivalent)."
September 22,NSHSS Foundation Business & Public Policy Scholarship,"$1,000",High school,https://www.nshss.org/scholarships/s/nshss-foundation-business-public-policy-scholarship-2025/,May 6,"High school students of all grade levels with a minimum GPA of 3.5 who are pursuing a degree in, or closely related to, one of the following disciplines:

Business/Business Administration
Finance/Economics
Public Policy"
September 28,First Generation College Student Scholarship,"$2,500","Undergraduate, Graduate",https://www.kadzailawgroup.com/scholarship,,"You must be a first-generation college student
You must be enrolled in an undergraduate or graduate program at an accredited college or university within the United States
You must be at least 17 years of age
You must be a permanent resident or citizen of the United States"
September 30,Coca-Cola Scholars Program scholarship,"$20,000",High school,https://www.coca-colascholarsfoundation.org/apply/,August 1,"Currently enrolled high school/home-schooled students attending school in one of the 50 U.S. states, the District of Columbia, Puerto Rico, or select DoD schools who will graduate high school 
U.S. Citizens, U.S. Nationals, U.S. Permanent Residents, Refugees, Asylees, Cuban-Haitian Entrants, or Humanitarian Parolees - based on the guidelines utilized by U.S. Department of Education for Federal Financial Aid eligibility
Expecting to receive high school diploma during current academic year
Planning to pursue a degree at an accredited U.S. post-secondary institution
Able to verify a minimum overall B/3.0 GPA in high school coursework"
September 30,Don't Text and Drive Scholarship,"$1,000","High school, Undergraduate, Graduate",http://www.digitalresponsibility.org/dont-text-and-drive-scholarship/?kclt=4a66639e2dc94b3e8ef907291a535eb8,,"High school freshman, sophomore, junior, or senior or a current or entering college or graduate school student of any level. 
Home schooled students are also eligible. 
There is no age limit. 
You must also be a U.S. citizen or legal resident"
September 30,Ron Hubbard Writers of The Future Contest,"$500, $750, $1,000","High school, Undergraduate, Graduate",https://www.writersofthefuture.com/enter-writer-contest/,April 1,New writers of science fiction and fantasy
September 30,Ron Hubbard Illustrators of The Future Contest,$500,"High school, Undergraduate, Graduate",https://writersofthefuture.com/enter-the-illustrator-contest/,April 1,New science fiction and fantasy artists
September 30,National High School Poetry Contest,$100-$500,High school,https://www.highschoolpoetrycontest.com/to-enter.html,,All U.S. high school students are eligible to enter this contest. 
September 30,The Home Depot Foundation Path to Pro Scholarship,"$2,500","High school, Undergraduate, Graduate",https://webportalapp.com/sp/login/skillpointefoundation_homedepot-pathtopro,,"Be a high school senior, high school graduate or have a GED equivalent.
Plan to enroll, or be enrolled within 1 year, in an approved trade-related program at an accredited two-year school or institution (i.e. technical/vocational school, community college or training center) in the United States.
Not be an employee or dependent of an employee of the The Home Depot. Employees of The Home Depot and their dependents are eligible to apply for a scholarship from The Homer Fund. 
Programs/Career Paths: Carpentry, Construction Management, Electrical, HVAC, Plumbing."
September 30,Regions Riding Forward Scholarship Contest,"$8,000","High school, Undergraduate",https://www.regions.com/about-regions/inclusion-belonging-impact/supporting-communities/essay-contest-scholarship,July 1,"Be a legal U.S. resident of one of the Eligible States: Alabama, Arkansas, Florida, Georgia, Iowa, Illinois, Indiana, Kentucky, Louisiana, Mississippi, Missouri, North Carolina, South Carolina, Tennessee and Texas
Be age 16 or older.
Have at least one (1) year (or at least 18 semester hours) remaining before your undergraduate college graduation.
If you are not yet in college, begin your freshman year of college no later than the start of the 2027 – 2028 college academic school year.
As of your most recent school enrollment period, have a cumulative grade point average of at least 2.0 in school (and if no GPA is provided at school, be in “good standing” or the equivalent thereof in school)."
September 30,College JumpStart Pay It Forward Scholarship,"$1,000","High school, Undergraduate, Graduate",https://www.jumpstart-scholarship.net/application-pay-it-forward-scholarship,,"Current student (high school 10th-12th or college) or planning to enter college within the next 12 months
U.S. citizen or legal resident"
September 30,Building Bridges Scholarship,"$1,000","High school, Undergraduate, Graduate",https://www.parent-volunteer.org/building-bridges-scholarship,,"Be currently enrolled or plan to be enrolled part-time or full-time in an accredited U.S. college or university. Vocational/technical, two-year, four-year, or graduate institutions are eligible. 
Be a high school junior or senior, undergraduate student, or graduate student. 
Have a grade point average of 2.5 or above on a 4.0 system."
September 30,Return 2 College Scholarship,"$1,000","High school, Undergraduate, Graduate",https://www.return2college.com/awardprogram.cfm,,Applicants must be U.S. citizens or legal residents who are starting a program of higher education (college or graduate school) within the next 12 months or are currently full- or part-time students. Applicants must be age 17 years or older. There is no maximum age limit.
September 30,J&Y “Books for Good” Scholarship,$300,"High school, Undergraduate, Graduate",https://jnylaw.com/scholarship/,,"Students at accredited colleges, trade schools, universities, and graduate schools in the United States "
September 30,The Bank Family Education Fund Scholarship,"$2,000","Undergraduate, Graduate",https://fishndans.com/banks-family-fund/,,"The scholarship is open to legal residents of the United States who are at least 18 years of age interested in outdoors, wildlife, and conservation.
The applicant must be enrolled in an accredited college, undergraduate or graduate degree program in the United States. The scholarship is offered to both part-time and full-time students.
Candidates must be in good academic standing with a minimum cumulative GPA of 3.0 or above."
October 1,JMJ Phillip Group College Scholarship,"$1,000","High school, Undergraduate, Graduate",https://jmjphillip.com/jmj-phillip-stem-scholarship/,,"High school students who have been accepted to college and students who are currently enrolled in a college or university are eligible to apply for the JMJ Phillip Group college scholarship program. 
Students must be currently enrolled in a U.S.-based high school or college. Students graduating from high school must plan to attend college during the fall semester in the same year as the application.
Eligible colleges include two-year and four-year universities in the United States.
Students who apply must have a minimum GPA of 3.6. Current (unofficial) transcripts must be sent with the application."
October 1,Anidjar & Levine Scholarship,"$2,500","Undergraduate, Graduate",https://www.anidjarlevine.com/about/scholarship/community-service-scholarship/,,"Students currently enrolled in or formally accepted to an accredited U.S. community college, college, or university undergraduate or graduate degree program
Cumulative GPA of 3.0 or above"
October 1,1F Cash Advance Financial Champions Scholarship,"$1,500","High school, Undergraduate, Graduate",https://1firstcashadvance.org/scholarship-2024/,,"You must be a United States citizen or resident
You must be enrolled full-time in high school or part-time or full-time in college, trade school, or graduate school
You need to be 18 years old or older
You must have a cumulative grade point average of at least 3.0"
October 1,Glotzer & Leib’s Scholarship Fund,"$1,000","High school, Undergraduate, Graduate",https://www.socalpersonalinjurylawyer.com/scholarship-application/,,This scholarship is open to any student currently enrolled in an accredited college or university in the United States. This includes students that have been accepted and have committed to attend a specific college or university next semester
October 1,Sports Gear Swag scholarship,"$1,000","High school, Undergraduate, Graduate",https://www.sportsgearswag.com/scholarship,,"Must be 18 years or older
Must be a legal resident of United States or hold a valid student visa
Must be currently enrolled in or accepted to a full-time undergraduate or graduate program in an accredited U.S. university, college, or school"
October 1,Nicolet Law Scholarship,"$5,000","High school, Undergraduate, Graduate",https://nicoletlaw.com/community-involvement/college-scholarship-video-essay-contest/,,"Future or current full-time undergraduate or graduate students, including international students, at an accredited U.S. college or university.
Applicants must be in good academic standing.
All areas of study are welcome. There are no restrictions."
October 7,"Moore Family Law, P.C. Leadership Excellence Scholarship","$1,000",Undergraduate,https://www.pwm-law.com/scholarship,,"The student is currently or will be in the future a member of their university’s Greek life.
The student achieved a 3.0 GPA or higher in their most recently completed academic semester.
The student is currently attending college as an undergraduate student at an accredited college or university within the United States for the upcoming semester. At this time, we are not accepting applications from high school or graduate students.
The student will be at least 18 years of age upon distribution of the award."
October 9,Lounge Lizard Web Design Scholarship,"$1,000","Undergraduate, Graduate",https://www.loungelizard.com/scholarship/,,"Open to students attending school in the United States to submit a web design, past or present, that showcases your creativity and understanding of today’s web design trends and possibilities
Applicant must be a student at an accredited school or be accepted to begin school at an accredited school within 6 months of application."
October 9,YoungArts Competition ,"$250-$10,000","K-8, High school",https://youngarts.org/apply/,June 12,"A citizen of the United States, a permanent resident/green card recipient, or can demonstrate that I am legally able to receive taxable income in the United States
Grades 10–12 or 15–18 years of age on December 1 of the application year
Accepting applications in 10 disciplines: Classical Music, Dance, Design, Film, Jazz, Photography, Theater, Visual Arts, Voice, Writing"
October 15,Ruth Abernathy Presidential Scholarship,"$1,250 - $1,750","Undergraduate, Graduate",https://www.shapeamerica.org/scholarships/abernathyscholarship.aspx,,"Undergraduate and graduate student members majoring in the field of health, physical education, recreation or dance"
October 15,Bill Kane Undergraduate Scholarship,"$1,000",Undergraduate,https://www.shapeamerica.org/scholarships/billkanescholarship.aspx,August 1,"Open to any student officially recognized as an undergraduate school-based health education major at an accredited college/university in the United States or a U.S. territory.
To be eligible, the applicant must be currently enrolled full-time (12 hours) at a college or university for both the fall and spring semesters of the academic year during which the student is applying
The student must have sophomore, junior or senior status at the time of application.
Applicants must have a minimum, current overall grade point average of 3.25 on a 4.0 scale"
October 15,Pretty Photoshop Actions Annual Scholarship,$500,"High school, Undergraduate, Graduate",https://www.lightroompresets.com/pages/pretty-photoshop-actions-scholarship-program,,"You should presently be a senior in high school;
Or be transitioning from high school to a college or university;
Or be already enrolled in a college or university inside the United States or Canada."
October 15,CJ Pony Parts Scholarship Video Contest,$500,"High school, Undergraduate, Graduate",https://www.cjponyparts.com/cj-pony-parts-scholarship-video-contest,,"Any U.S. resident who will be enrolling in post-secondary education in the next semester is eligible for this scholarship. 
This is open to all fields of study and is not exclusive to automotive or related degrees."
October 15,NSHSS Your First Scholarship,$500,High school,https://www.nshss.org/scholarships/s/nshss-your-first-scholarship-2025/,May 7,Students graduating high school
October 20,NSHSS Foundation STEM Scholarship,"$1,000",High school,https://www.nshss.org/scholarships/s/nshss-foundation-stem-scholarship-2025/,May 8,High school students of all grade levels with a minimum GPA of 3.0
October 20,Innovation in Education Scholarship,$500,"High school, Undergraduate, Graduate",https://www.latutors123.com/scholarships/innovation-in-education/,,"Must currently be enrolled as a high school, college/university, or graduate student.
Must have a cumulative GPA of at least 3.0 (or the equivalent)."
October 31,American Bullion Scholarship,"$1,000",Undergraduate,https://www.americanbullion.com/about/scholarship/,January 31,"Applicant must be a currently enrolled, full-time undergraduate student at an accredited college or university within the United States. Winners will be asked to provide a valid student ID, transcript, or other proof of enrollment before receiving their winnings. This scholarship is not open to graduate students or high school students entering college.
Applicant must be a legal resident of the United States or hold a valid U.S. student visa."
October 31,Delete Cyberbullying Beyond School Walls Scholarship,"$1,000","High school, Undergraduate, Graduate",https://www.endcyberbullying.net/scholarship-beyond-school-walls,,"To apply, you must be a high school student (9th-12th grader), college student or graduate student attending or planning to enter an accredited U.S. college or university."
October 31,Good Lawyers / Good People Scholarship,"$1,000","Undergraduate, Graduate",https://www.simeonemiller.com/scholarship/,,Currently enrolled or accepted as an undergraduate or law student
October 31,J&Y “Books for Good” Scholarship,$300,"High school, Undergraduate, Graduate",https://jnylaw.com/scholarship/,,"Students at accredited colleges, trade schools, universities, and graduate schools in the United States "
October 31,Voice of Democracy National Scholarship ,"Up to $35,000",High school,https://www.vfw.org/PatriotsPen/,,"The Voice of Democracy is open to students in grades 9-12. 
Although U.S. citizenship is not required, students must be lawful U.S. permanent residents or have applied for permanent residence."
November 5,Stephen J. Brady Stop Hunger Scholarship,"$10,000","K-8, High school, Undergraduate",https://www.us.stop-hunger.org/grants/youth-scholarships,September 5,"Ages 5 to 25, who are tackling hunger in their communities"
November 9,Kanoski Bresney Stand Up to Distracted Driving Scholarship,"$1,000","High school, Undergraduate, Graduate",https://www.kanoski.com/community-involvement/distracted-driving-scholarship,,"You are currently enrolled in an undergraduate or graduate program at an accredited U.S. college or university, and your education will continue through the Fall 2026 semester.
You are a high school senior who will be starting your college or university education in Spring 2026 or Fall 2026.
You are a U.S. citizen.
You have a current overall GPA of at least 3.0."
November 11,Boyk Law Veteran Scholarship,"$2,000","High school, Undergraduate, Graduate",https://www.charlesboyk-law.com/boyk-law-veteran-scholarship/,,"The applicant has served in the United States Army, Navy, Marines, Air Force, Coast Guard, Space Force or Reserves OR is the spouse (not divorced spouses), widow, child or stepchild of a veteran.
The applicant is a U.S. citizen currently attending an accredited college or university within the United States."
November 11,Lucas Law Legal Leaders Scholarship,"$1,000","High school, Undergraduate, Graduate",https://www.lucaslaw.com/scholarship,,"The student is pursuing a career in the legal field.
The student maintains a 3.5 grade point average or higher (if you do not currently have a GPA, you may provide your GPA from your most recently completed academic semester).
The student is enrolled (or planning to enroll) in an accredited undergraduate or graduate program within the United States through the Fall 2026 semester.
The student is at least 17 years old."
November 15,The James Alan Cox Foundation for Student Photojournalists,"$2,500","High school, Undergraduate, Graduate",https://www.jamesalancoxfoundation.org/apply/,July 15,High school applicants should only submit still photographs. The video awards are for college and graduate students only.
November 15,Live Your Dream Award,"Up to $16,000","High school, Undergraduate",https://www.soroptimist.org/our-work/live-your-dream-awards/apply-for-the-live-your-dream-awards.html,August 1,"You are eligible to apply if you are a woman who:
Provides the primary financial support for yourself and your dependents. Dependents can include children, spouse, partner, siblings and/or parents.
Has financial need.
Is enrolled in or has been accepted to a vocational/skills training, high school equivalency, or an undergraduate degree program.
Resides in one of Soroptimist International of the Americas’ member countries/territories (Argentina, Bolivia, Brazil, Canada, Colombia, Ecuador, Guam, Japan, Korea, Mexico, Northern Mariana Islands, Panama, Paraguay, Peru, Philippines, Taiwan, United States of America, Venezuela)."
November 20,Jack Kent Cooke Foundation: College Scholarship Program,"Up to $55,000",High school,https://www.jkcf.org/our-scholarships/,August 20,High school senior with financial need
November 20,Innovation in Education Scholarship,$500,"High school, Undergraduate, Graduate",https://www.latutors123.com/scholarships/innovation-in-education/,,"Must currently be enrolled as a high school, college/university, or graduate student.
Must have a cumulative GPA of at least 3.0 (or the equivalent)."
November 20,Point Foundation Scholarship,"$2,000-$4,800","High school, Undergraduate, Graduate",https://pointfoundation.org/point-apply/apply-now/,September 10,"A minimum cumulative GPA of 3.3.
Full-time enrollment in a a degree-seeking undergraduate, graduate, or professional program at an accredited, not-for-profit college or university in the United States.
Connection and commitment to the LGBTQ+ and ally community.
Must be at least a senior in high school."
November 30,ServiceScape Scholarship,"$1,000","High school, Undergraduate, Graduate",https://www.servicescape.com/scholarship,December 1,"Open to students who are attending or who will attend an accredited college, university, or trade school"
November 30,"Bachus & Schanker, LLC Scholarship","$2,000","High school, Undergraduate, Graduate",https://www.coloradolaw.net/scholarship/,,"Any high school senior accepted to attend a four-year university by the time of the award, or full time student attending a four-year university in the United States who carries a 3.0 cumulative GPA may apply."
November 30,Driver Education Initiative Award – Annual Scholarship Opportunity,$500,"High school, Undergraduate, Graduate",https://www.dmvedu.org/scholarship/,September 1,"Applicants must be currently enrolled in either High School, University or College
Open to all students in U.S., Canada, and abroad."
November 30,The Space to Succeed Scholarship,"$5,000","Undergraduate, Graduate",https://thestoragecenter.com/self-storage/scholarship/,October 1,"Applicants must be 18 years or older, a legal U.S. resident, and enrolled in an accredited U.S. college or university at the time of application."
November 30,Aaliyah Lee Scholarship,"$1,000","High school, Undergraduate, Graduate",https://www.parent-volunteer.org/aaliyah-lee-scholarship,,"Be currently enrolled or plan to be enrolled part-time or full-time in an accredited U.S. college or university. Vocational/technical, two-year, four-year, or graduate institutions are eligible.
Be a high school junior or senior, undergraduate student, or graduate student
Have a grade point average of 2.5 or above on a 4.0 system"
November 30,General Education and Mental Health Scholarship,"$1,500","High school, Undergraduate, Graduate",https://seasonsmalibu.com/about-seasons-in-malibu/general-education-and-mental-health-education-scholarship/,July 1,"Applicants must be currently enrolled in either High School, University or College as a full-time student. "
November 30,J&Y “Books for Good” Scholarship,$300,"High school, Undergraduate, Graduate",https://jnylaw.com/scholarship/,,"Students at accredited colleges, trade schools, universities, and graduate schools in the United States "
December 1,Drug Rehab USA Mental Health Scholarship,"$2,000","Undergraduate, Graduate",https://drugrehabus.org/mental-health-scholarship/#two,,"Open to students enrolled in any mental health degree program, including but not limited to psychology, counseling, social work, psychiatric nursing, and other related fields
Applicants must be committed to making a difference in the field of mental health and demonstrate a passion for improving the lives of others."
December 1,Ron Brown Scholar Program,"$45,000",High school,https://ronbrown.org/apply/ron-brown-scholarship/,September 30,"Must be Black/African American, US citizens or permanent residents, and a current high school senior"
December 3,Greenhouse Scholar Program,"$5,000",High school,https://greenhousescholars.org/our-scholars/become-a-scholar/,September 8,"Be a graduating high school senior planning to attend a four-year accredited academic institution
Be a U.S. citizen or permanent resident and a legal resident of Colorado, Georgia, Illinois, New York, North Carolina, Utah, or select counties in California (Los Angeles County, Riverside County, or Orange County)
Have a cumulative, unweighted GPA of 3.5 or above
Demonstrate financial need (annual household income no greater than $80,000)"
December 4,SMART Scholarship-for-Service Program,"$30,000-$46,000","High school, Undergraduate, Graduate",https://www.smartscholarship.org/smart/en,August 1,"Provides merit-based scholarships to bachelor's, master's, and doctoral students pursuing STEM degrees."
December 12,Defense Against Distracted Driving Scholarship,"$1,000","High school, Undergraduate",https://jnylaw.com/distracted-driving-scholarship/,,"Scholarship only available to high school seniors and college undergraduates.
The recipient must be enrolled in an accredited college or University in California.
The student must have a minimum of a 3.0 GPA (or B average in high school).
The recipient must be at least 18 years of age."
December 12,Lois Britt Memorial Pork Industry Scholarship,"$2,500",Undergraduate,https://nppc.org/britt-scholarship/,,"Be a current undergraduate student in a two-year swine program or four-year college of agriculture.
Be a U.S. citizen. High school students are not eligible."
December 15,Burger King Foundation,"$1,000-$60,000",High school,https://www.burgerkingfoundation.org/programs/burger-king-sm-scholars,October 15,Deserving high school seniors attending college or post-secondary vocational/technical school
December 15,AvaCare Medical Scholarship,"$1,000","High school, Undergraduate, Graduate",https://www.avacaremedical.com/scholarship?srsltid=AfmBOopE5cADld8lRDxvWRVsDsyyKqZT9n7eYmEainoCH7NVvHKHe3GM,,"Citizen of the United States or in possession of an Alien Registration Card
High school senior or enrolled in an accredited U.S. college or university
Achieved a minimum cumulative GPA of 3.0
Pursuing a degree in the medical field such as therapy, nursing, medicine, nutrition, laboratory science, dentistry, health law, etc."
December 18,Autism Scholarship Contest,"$1,000","High school, Undergraduate, Graduate",https://www.jkphoenixpersonalinjuryattorney.com/autism-scholarship-contest/,,"Applicants must (a) be citizens of the United States, (b) diagnosed with autism, (c) who would like to further their education beyond the secondary school (high school) level"
December 20,Innovation in Education Scholarship,$500,"High school, Undergraduate, Graduate",https://www.latutors123.com/scholarships/innovation-in-education/,,"Must currently be enrolled as a high school, college/university, or graduate student.
Must have a cumulative GPA of at least 3.0 (or the equivalent)."
December 31,RevPart STEM Scholarship,"$500-$2,000","High school, Undergraduate, Graduate",https://revpart.com/scholarship/,,"Any student majoring in a STEM field that is attending an accredited college in the USA may apply
Candidates must be planning or currently attend a accredited college in the USA
Must be planning or currently pursuing a career in a STEM field
Must be planning to attend a college in the United States"
December 31,National High School Poetry Contest,$100-$500,High school,https://www.highschoolpoetrycontest.com/to-enter.html,,All U.S. high school students are eligible to enter this contest. 
December 31,Kitchen Cabinet Kings' Entrepreneur Scholarship,"$2,500","High school, Undergraduate, Graduate",https://kitchencabinetkings.com/scholarship,,"Any U.S. citizen currently enrolled or planning to enroll in an accredited U.S. college, university, or trade school during the upcoming academic year. This includes undergraduate, graduate, and trade school students."
December 31,The Achieve Today Scholarship Fund,"$1,000","Undergraduate, Graduate",https://www.achievetoday.com/scholarships,,Applicants must be 18 years of age or older and a current student of an accredited US university or college
December 31,Ron Hubbard Writers of The Future Contest,"$500, $750, $1,000","High school, Undergraduate, Graduate",https://www.writersofthefuture.com/enter-writer-contest/,April 1,New writers of science fiction and fantasy
December 31,Ron Hubbard Illustrators of The Future Contest,$500,"High school, Undergraduate, Graduate",https://writersofthefuture.com/enter-the-illustrator-contest/,April 1,New science fiction and fantasy artists
December 31,All Star Verified Scholarship,"$1,000","High school, Undergraduate, Graduate",https://www.verifiedscholarships.com/scholarship-program/,September 1,"This scholarship is open to high school, college, graduate, or adult students and parents of high school and college students."
December 31,Regions Riding Forward Scholarship Contest,"$8,000","High school, Undergraduate",https://www.regions.com/about-regions/inclusion-belonging-impact/supporting-communities/essay-contest-scholarship,October 1,"Be a legal U.S. resident of one of the Eligible States: Alabama, Arkansas, Florida, Georgia, Iowa, Illinois, Indiana, Kentucky, Louisiana, Mississippi, Missouri, North Carolina, South Carolina, Tennessee and Texas
Be age 16 or older.
Have at least one (1) year (or at least 18 semester hours) remaining before your undergraduate college graduation.
If you are not yet in college, begin your freshman year of college no later than the start of the 2027 – 2028 college academic school year.
As of your most recent school enrollment period, have a cumulative grade point average of at least 2.0 in school (and if no GPA is provided at school, be in “good standing” or the equivalent thereof in school)."
December 31,College JumpStart Love of Learning Scholarship,"$1,000","High school, Undergraduate, Graduate",https://www.jumpstart-scholarship.net/application-love-of-learning-scholarship,,"Current student (high school 10th-12th or college) or planning to enter college within the next 12 months
U.S. citizen or legal resident"
December 31,Micklin Law Group Educational Scholarship,"$1,000","High school, Undergraduate, Graduate",https://www.micklinlawgroup.com/educational-scholarships/,,Applicants must be accepted into an accredited college in the United States.
December 31,The Home Depot Foundation Path to Pro Scholarship,"$2,500","High school, Undergraduate, Graduate",https://webportalapp.com/sp/login/skillpointefoundation_homedepot-pathtopro,,"Be a high school senior, high school graduate or have a GED equivalent.
Plan to enroll, or be enrolled within 1 year, in an approved trade-related program at an accredited two-year school or institution (i.e. technical/vocational school, community college or training center) in the United States.
Programs/Career Paths: Carpentry, Construction Management, Electrical, HVAC, Plumbing."
December 31,MPOWER Global Citizen Scholarship,"$1,000-$8,000","High school, Undergraduate, Graduate",https://www.mpowerfinancing.com/scholarships/global-citizen#gcscholarship,,"Be accepted at, or enrolled in, a full-time degree program at an MPOWER-eligible school in the U.S. or Canada
Be an international student allowed to legally study in the U.S. or Canada, as applicable:
For study in the U.S., this means that the applicant meets one of these criteria: Has a valid visa that permits study in the U.S. OR Is protected under the Deferred Action for Childhood Arrivals (DACA) OR Is a U.S. permanent resident (Green Card holder)
For study in Canada, this means the applicant meets one of these criteria: Is a Canadian permanent resident OR Has a valid Canadian study permit"
December 31,MPOWER Women in STEM Scholarship,"$1,000-$6,000","High school, Undergraduate, Graduate",https://www.mpowerfinancing.com/scholarships/women-in-stem#schoollist,,"Be accepted at, or enrolled in, a full-time degree program at an MPOWER-eligible school in the U.S. or Canada
Be an international student allowed to legally study in the U.S. or Canada, as applicable:
For study in the U.S., this means that the applicant meets one of these criteria: Has a valid visa that permits study in the U.S. OR Is protected under the Deferred Action for Childhood Arrivals (DACA) ORIs a U.S. permanent resident (Green Card holder)
For study in Canada, this means the applicant meets one of these criteria: Is a Canadian permanent resident OR Has a valid Canadian study permit"
December 31,J&Y “Books for Good” Scholarship,$300,"High school, Undergraduate, Graduate",https://jnylaw.com/scholarship/,,"Students at accredited colleges, trade schools, universities, and graduate schools in the United States "